classbits(1=conn,2=fact,4=nonentry,8=guardowner)	status	phase	roots_reaching(min9)	count
1	0	0	1	166805
1	0	0	2	358
1	0	0	3	100930
1	0	0	4	2976
1	0	0	5	61021
1	0	0	6	1841
1	0	0	7	30737
1	0	0	8	765
1	0	0	9	18420
1	0	1	1	386550
1	0	1	2	1053
1	0	1	3	464603
1	0	1	4	15219
1	0	1	5	223596
1	0	1	6	4117
1	0	1	7	136232
1	0	1	8	1980
1	0	1	9	61020
1	1	0	1	119901
1	1	0	2	2258
1	1	0	3	73418
1	1	0	4	8955
1	1	0	5	63403
1	1	0	6	3378
1	1	0	7	84989
1	1	0	8	1204
1	1	0	9	27804
1	1	1	1	609936
1	1	1	2	94032
1	1	1	3	629402
1	1	1	4	64171
1	1	1	5	312415
1	1	1	6	37133
1	1	1	7	346864
1	1	1	8	13425
1	1	1	9	111179
1	2	0	1	51771
1	2	0	2	2427
1	2	0	3	35648
1	2	0	4	6811
1	2	0	5	38070
1	2	0	6	2101
1	2	0	7	43984
1	2	0	8	369
1	2	0	9	13747
1	2	1	1	249782
1	2	1	2	121967
1	2	1	3	393221
1	2	1	4	50434
1	2	1	5	202970
1	2	1	6	46448
1	2	1	7	214731
1	2	1	8	19968
1	2	1	9	101163
3	0	0	3	71532
3	0	0	4	47
3	0	0	7	8
3	0	0	9	101
3	0	1	3	90227
3	0	1	4	261
3	0	1	7	66
3	0	1	9	63
3	1	0	3	58847
3	1	0	4	273
3	1	0	7	91
3	1	0	9	2406
3	1	1	3	106787
3	1	1	4	15952
3	1	1	5	69
3	1	1	6	628
3	1	1	7	14811
3	1	1	8	341
3	1	1	9	29021
3	2	0	3	30272
3	2	0	4	784
3	2	0	7	246
3	2	0	9	1173
3	2	1	3	51248
3	2	1	4	18397
3	2	1	5	656
3	2	1	6	1613
3	2	1	7	22119
3	2	1	8	1090
3	2	1	9	33701
9	0	0	1	61844
9	0	0	2	37383
9	0	0	3	210148
9	0	0	4	787905
9	0	0	5	273009
9	0	0	6	355714
9	0	0	7	2341
9	0	0	8	810251
9	0	0	9	4152613
9	0	1	1	128625
9	0	1	2	60150
9	0	1	3	780529
9	0	1	4	2688266
9	0	1	5	903043
9	0	1	6	1000009
9	0	1	7	7747
9	0	1	8	2489453
9	0	1	9	7131047
9	1	0	1	60863
9	1	0	2	28722
9	1	0	3	264464
9	1	0	4	720269
9	1	0	5	251724
9	1	0	6	274755
9	1	0	7	1361
9	1	0	8	634991
9	1	0	9	2064331
9	1	1	1	277834
9	1	1	2	57224
9	1	1	3	1527949
9	1	1	4	3346964
9	1	1	5	1134743
9	1	1	6	1141058
9	1	1	7	47129
9	1	1	8	2459127
9	1	1	9	5906359
9	2	0	1	16498
9	2	0	2	9792
9	2	0	3	131611
9	2	0	4	455122
9	2	0	5	175188
9	2	0	6	177942
9	2	0	7	1440
9	2	0	8	565185
9	2	0	9	2091757
9	2	1	1	89842
9	2	1	2	22644
9	2	1	3	615553
9	2	1	4	1952181
9	2	1	5	652061
9	2	1	6	605618
9	2	1	7	26571
9	2	1	8	1558412
9	2	1	9	4392337
11	0	0	9	337456
11	0	1	9	495245
11	1	0	7	1
11	1	0	9	238112
11	1	1	5	1
11	1	1	6	2
11	1	1	7	5
11	1	1	8	1
11	1	1	9	483891
11	2	0	9	134861
11	2	1	5	43
11	2	1	6	171
11	2	1	7	30
11	2	1	8	56
11	2	1	9	308563
13	0	0	6	77039
13	0	0	7	1894
13	0	0	8	399
13	0	0	9	1155170
13	0	1	6	210713
13	0	1	7	8607
13	0	1	8	1713
13	0	1	9	2162668
13	1	0	6	55074
13	1	0	7	1358
13	1	0	8	340
13	1	0	9	877313
13	1	1	6	242409
13	1	1	7	21275
13	1	1	8	2661
13	1	1	9	2366757
13	2	0	6	31330
13	2	0	7	1278
13	2	0	8	317
13	2	0	9	631790
13	2	1	6	137801
13	2	1	7	12758
13	2	1	8	2679
13	2	1	9	1735127
15	0	0	9	33001
15	0	1	9	61884
15	1	0	9	28723
15	1	1	9	114539
15	2	0	9	13516
15	2	1	8	7
15	2	1	9	117225
