root	reach	reach_inspected	reach_open	reach_sealed_only	excl	excl_inspected	excl_open	reach_apply_outside_own_helper
0	80125	9725	0	70400	0	0	0	0
1	21622401	7213604	8975570	5433227	0	0	0	7672309
2	10220	3178	0	7042	0	0	0	0
3	155122	52624	25600	76898	0	0	0	10989
4	465461	135322	104442	225697	0	0	0	36321
5	1139844	449852	239433	450559	0	0	0	174120
6	19025672	6808851	6733798	5483023	0	0	0	4740921
7	57806312	20376093	22804503	14625716	0	0	0	15913609
8	68279327	24846115	26721368	16711844	1191800	554657	481139	18403531
9	2747109	1017628	1089403	640078	0	0	0	945066
10	36087076	12208698	14985055	8893323	0	0	0	11364224
11	62760009	22543096	24175546	16041367	260425	125145	72107	16740568
12	89436	13288	0	76148	0	0	0	3
13	3278281	1055044	1313187	910050	0	0	0	1511895
14	8383	3311	0	5072	0	0	0	54
15	15036	7023	0	8013	0	0	0	57
16	3267232	1322681	1008383	936168	0	0	0	1159102
17	207784	76785	29669	101330	0	0	0	18166
18	2944876	956517	1200030	788329	0	0	0	724854
19	8824826	2979272	3380782	2464772	0	0	0	1953886
20	13267176	4120612	5826936	3319628	0	0	0	5687294
21	53466422	18684614	21658855	13122953	0	0	0	15613768
22	54344780	19118718	21955114	13270948	635506	338697	190469	15833690
23	1	1	0	0	0	0	0	0
24	2517	222	0	2295	0	0	0	3
25	30946	13360	4227	13359	0	0	0	7296
26	2160	844	0	1316	0	0	0	10
27	125032	45138	29669	50225	0	0	0	18074
28	380854	143342	121211	116301	0	0	0	95945
29	2557687	914319	835046	808322	0	0	0	926335
30	4995763	1696491	1871636	1427636	0	0	0	1980226
31	8101453	2939708	3021497	2140248	0	0	0	2543358
32	513828	153814	108511	251503	0	0	0	43490
33	6224165	2004731	2440740	1778694	0	0	0	1451029
34	37463320	12335281	15425345	9702694	0	0	0	11725605
35	10749	5888	20	4841	0	0	0	213
36	491775	157059	215965	118751	0	0	0	122057
37	201093	71736	29669	99688	0	0	0	18163
38	9947833	3350062	4038489	2559282	0	0	0	3299663
39	22435253	7050630	9922135	5462488	0	0	0	8334623
40	3387666	1293264	994703	1099699	0	0	0	1094095
41	22390280	7137029	9568561	5684690	0	0	0	8099408
42	12482	4885	20	7577	0	0	0	167
43	47157	17596	4227	25334	0	0	0	7365
44	1859819	621372	604117	634330	0	0	0	461306
45	89941	42225	5316	42400	0	0	0	12781
46	159903	72768	5480	81655	0	0	0	16339
47	22962384	7840300	9506246	5615838	0	0	0	6409129
48	6144833	2064674	2269589	1810570	0	0	0	2309198
49	325778	126926	94869	103983	0	0	0	73869
50	3757851	1302612	1298005	1157234	0	0	0	1305558
51	10107365	3710449	3713088	2683828	0	0	0	2908521
52	1014397	364322	384337	265738	0	0	0	301241
53	141686	63165	32371	46150	0	0	0	36830
54	503850	205518	122875	175457	0	0	0	106231
55	2450389	903895	928116	618378	0	0	0	789211
56	3369578	1139134	1253745	976699	0	0	0	793905
57	11546260	4037063	4163150	3346047	0	0	0	2903172
58	1706649	609505	606406	490738	0	0	0	453855
59	8837421	3015106	3223139	2599176	0	0	0	2399830
60	10293798	3509804	4060324	2723670	0	0	0	3334557
61	25684440	8426131	10858765	6399544	0	0	0	9130071
62	19984493	6363175	8592869	5028449	0	0	0	7640738
63	33466259	11152860	13922281	8391118	0	0	0	10636669
64	49183561	16936626	19654210	12592725	0	0	0	14244607
65	59027787	21081060	23136451	14810276	132520	50035	109	16433416
66	8287125	2936052	2815738	2535335	0	0	0	2621043
