AUT	000010011001001	5	3840	4	10
AUT	000011001001011	6	1440	4	9
AUT	001000100101111	7	96	4	8
AUT	001001000101111	7	576	2	8
AUT	001001011101001	7	576	2	8
AUT	001001100101111	8	24	2	7
AUT	001100101110000	6	384	2	9
AUT	010011111101011	10	24	2	5
AUT	010100101110000	6	576	4	9
AUT	010111011000001	7	96	2	8
AUT	011000101101011	8	32	2	7
AUT	011001000001111	7	48	2	8
AUT	011001000101111	8	32	2	7
AUT	011001110110100	8	48	2	7
AUT	011011000111111	10	32	4	5
AUT	011011101101001	9	16	2	6
AUT	011011111101001	10	20	2	5
AUT	011100111100001	8	384	2	7
AUT	011101011001001	8	192	2	7
AUT	011101110111000	9	24	2	6
AUT	011101111101100	10	64	2	5
AUT	011101111111100	11	8	2	4
AUT	011110111001001	9	32	2	6
AUT	011111001101001	9	32	2	6
AUT	101010000110001	6	480	2	9
AUT	101011011101001	9	576	2	6
AUT	101011111001010	9	48	2	6
AUT	101101100101000	7	128	2	8
AUT	101111101101001	10	16	2	5
AUT	110001011101011	9	16	2	6
AUT	110001101101001	8	32	4	7
AUT	110010101101011	9	8	2	6
AUT	110101101101001	9	32	4	6
AUT	110110111101001	10	4	4	5
AUT	111000010101001	7	144	2	8
AUT	111000100011101	8	16	2	7
AUT	111000100111001	8	64	4	7
AUT	111001000001111	8	32	2	7
AUT	111001100101101	9	8	2	6
AUT	111001100110110	9	96	4	6
AUT	111001100111001	9	8	4	6
AUT	111001100111111	11	8	2	4
AUT	111001111101011	11	32	4	4
AUT	111010100100101	8	768	16	7
AUT	111010111100011	10	8	2	5
AUT	111011000101001	8	96	2	7
AUT	111011001101001	9	32	2	6
AUT	111011011101001	10	16	2	5
AUT	111011100111111	12	32	8	3
AUT	111011101100011	10	288	4	5
AUT	111011111101010	11	4	2	4
AUT	111011111101011	12	24	2	3
AUT	111100000011100	7	192	2	8
AUT	111100011111100	10	16	2	5
AUT	111100100101001	8	192	8	7
AUT	111100111101001	10	8	4	5
AUT	111101010011100	9	64	2	6
AUT	111101101101001	10	48	8	5
AUT	111101110101001	10	64	4	5
AUT	111101111101001	11	8	4	4
AUT	111101111111100	12	96	8	3
AUT	111110111001001	10	8	2	5
AUT	111111001001001	9	768	4	6
AUT	111111001101001	10	64	2	5
AUT	111111011101001	11	64	2	4
AUT	111111101101001	11	16	4	4
AUT	111111111101001	12	8	2	3
