0	000011001001011	non_entry	6	-1	6	-1	6	-1	0	16	6	14522681
1	011011000111111	connected	10	2	4	14	4	14	1	14	4	60706
2	101010000110001	non_entry	6	-1	6	-1	6	-1	0	16	6	14522681
3	010111011000001	non_entry	7	-1	6	-1	6	-1	0	16	6	13390204
4	001000100101111	non_entry	7	-1	6	-1	6	-1	0	16	6	13390204
5	011001110110100	non_entry	8	-1	6	16	6	-1	0	16	6	8958980
6	010011111101011	connected	10	2	4	14	4	-1	0	14	4	60706
7	111001100111111	connected	11	1	5	15	5	15	1	15	5	70040
8	111011100111111	connected	12	0	6	16	6	-1	0	16	6	48988
9	111011101100011	factorized	10	1	14	23	14	-1	0	23	14	9959733424
10	111001111101011	connected	11	0	6	16	6	-1	0	16	6	338308
11	111011111101011	connected	12	0	6	16	6	-1	0	16	6	48988
12	111000010101001	connected	7	4	2	-1	2	-1	0	12	2	19096
13	111000100111001	connected	8	4	2	12	2	12	1	12	2	10376
14	111100000011100	factorized	7	4	11	-1	11	-1	0	20	11	3310915376
15	111010100100101	connected	8	4	2	12	2	12	1	12	2	10376
16	111000100011101	non_entry	8	-1	6	16	6	-1	0	16	6	8958980
17	011001000101111	connected	8	3	3	13	3	-1	0	13	3	80264
18	111101010011100	connected	9	3	3	13	3	-1	0	13	3	32464
19	011101111101100	connected	10	2	4	14	4	-1	0	14	4	60706
20	111001100111001	connected	9	3	3	13	3	13	1	13	3	32464
21	011101111111100	connected	11	1	5	15	5	-1	0	15	5	70040
22	111101111111100	connected	12	0	6	16	6	16	1	16	6	48988
23	000010011001001	factorized	5	4	11	-1	11	-1	0	20	11	2269294640
24	001100101110000	factorized	6	4	11	-1	11	-1	0	20	11	3199214224
25	001001000101111	factorized	7	3	12	-1	12	-1	0	21	12	8193512576
26	010100101110000	factorized	6	3	12	-1	12	-1	0	21	12	7756304944
27	011001000001111	factorized	7	3	12	-1	12	-1	0	21	12	8193512576
28	110001101101001	factorized	8	3	12	21	12	-1	0	21	12	6454279024
29	001001100101111	connected	8	2	4	14	4	-1	0	14	4	468344
30	011110111001001	connected	9	2	4	14	4	-1	0	14	4	203866
31	110010101101011	non_entry	9	-1	6	16	6	-1	0	16	6	4320286
32	111001000001111	connected	8	2	4	14	4	-1	0	14	4	468344
33	110001011101011	connected	9	2	4	14	4	-1	0	14	4	203866
34	110110111101001	connected	10	2	4	14	4	-1	0	14	4	60706
35	001001011101001	factorized	7	2	13	-1	13	-1	0	22	13	19235693936
36	111111001001001	connected	9	0	6	16	6	-1	0	16	6	4320286
37	111011000101001	connected	8	2	4	14	4	-1	0	14	4	468344
38	111001100101101	connected	9	2	4	14	4	-1	0	14	4	203866
39	111100011111100	connected	10	2	4	14	4	-1	0	14	4	60706
40	101011111001010	connected	9	2	4	14	4	-1	0	14	4	203866
41	111100111101001	connected	10	2	4	14	4	-1	0	14	4	60706
42	101101100101000	factorized	7	2	13	-1	13	-1	0	22	13	19235693936
43	011100111100001	factorized	8	2	13	22	13	-1	0	22	13	15468304624
44	111001100110110	connected	9	0	6	16	6	-1	0	16	6	4320286
45	011101011001001	factorized	8	1	14	23	14	-1	0	23	14	35299160944
46	101011011101001	factorized	9	1	14	23	14	-1	0	23	14	21714550976
47	111010111100011	connected	10	1	5	15	5	-1	0	15	5	328358
48	111101110101001	connected	10	0	6	16	6	-1	0	16	6	1469498
49	011000101101011	factorized	8	1	14	23	14	-1	0	23	14	35299160944
50	011011101101001	connected	9	0	6	16	6	-1	0	16	6	4320286
51	011011111101001	non_entry	10	-1	6	16	6	-1	0	16	6	1469498
52	110101101101001	factorized	9	2	13	22	13	-1	0	22	13	9320265776
53	111100100101001	factorized	8	1	14	23	14	-1	0	23	14	35299160944
54	011111001101001	factorized	9	1	14	23	14	-1	0	23	14	21714550976
55	111101101101001	factorized	10	1	14	23	14	-1	0	23	14	9959733424
56	111111001101001	connected	10	0	6	16	6	-1	0	16	6	1469498
57	111111011101001	connected	11	0	6	16	6	-1	0	16	6	338308
58	111011001101001	connected	9	0	6	16	6	-1	0	16	6	4320286
59	111011011101001	connected	10	0	6	16	6	-1	0	16	6	1469498
60	101111101101001	connected	10	0	6	16	6	-1	0	16	6	1469498
61	111111101101001	connected	11	0	6	16	6	-1	0	16	6	338308
62	111110111001001	connected	10	1	5	15	5	-1	0	15	5	328358
63	111101111101001	connected	11	0	6	16	6	-1	0	16	6	338308
64	111011111101010	connected	11	1	5	15	5	-1	0	15	5	70040
65	111111111101001	connected	12	0	6	16	6	-1	0	16	6	48988
66	011101110111000	connected	9	3	3	13	3	13	1	13	3	32464
