0	0	0	6	255	7	1
1	0	1	4	14	3	1
2	0	2	6	255	7	1
3	0	3	6	255	3	1
4	0	4	6	255	3	1
5	0	5	6	16	3	1
6	0	6	4	14	3	1
7	0	7	5	15	3	1
8	0	8	6	16	3	1
9	0	9	14	23	3	1
10	0	10	6	16	3	1
11	0	11	6	16	3	1
12	0	12	2	255	7	1
13	0	13	2	12	3	1
14	0	14	11	255	7	1
15	0	15	2	12	7	1
16	0	16	6	16	3	1
17	0	17	3	13	3	1
18	0	18	3	13	3	1
19	0	19	4	14	3	1
20	0	20	3	13	3	1
21	0	21	5	15	3	1
22	0	22	6	16	3	1
23	0	23	11	255	7	1
24	0	24	11	255	7	1
25	0	25	12	255	3	1
26	0	26	12	255	7	1
27	0	27	12	255	3	1
28	0	28	12	21	3	1
29	0	29	4	14	3	1
30	0	30	4	14	3	1
31	0	31	6	16	3	1
32	0	32	4	14	3	1
33	0	33	4	14	3	1
34	0	34	4	14	3	1
35	0	35	13	255	3	1
36	0	36	6	16	3	1
37	0	37	4	14	3	1
38	0	38	4	14	3	1
39	0	39	4	14	3	1
40	0	40	4	14	3	1
41	0	41	4	14	3	1
42	0	42	13	255	3	1
43	0	43	13	22	3	1
44	0	44	6	16	3	1
45	0	45	14	23	3	1
46	0	46	14	23	3	1
47	0	47	5	15	3	1
48	0	48	6	16	3	1
49	0	49	14	23	3	1
50	0	50	6	16	3	1
51	0	51	6	16	3	1
52	0	52	13	22	3	1
53	0	53	14	23	3	1
54	0	54	14	23	3	1
55	0	55	14	23	3	1
56	0	56	6	16	3	1
57	0	57	6	16	3	1
58	0	58	6	16	3	1
59	0	59	6	16	3	1
60	0	60	6	16	3	1
61	0	61	6	16	3	1
62	0	62	5	15	3	1
63	0	63	6	16	3	1
64	0	64	5	15	3	1
65	0	65	6	16	3	1
66	0	66	3	13	3	1
