phase	status	unbounded_axes	log2vol	singleton	nontrivial_axes	rank_none	count
0	0	0	0	1	0	0	48417
0	0	0	1	0	1	0	296658
0	0	0	2	0	1	0	221930
0	0	0	2	0	2	0	462043
0	0	0	3	0	1	0	9123
0	0	0	3	0	2	0	625284
0	0	0	3	0	3	0	454448
0	0	0	4	0	1	0	35
0	0	0	4	0	2	0	219054
0	0	0	4	0	3	0	714477
0	0	0	4	0	4	0	257889
0	0	0	5	0	2	0	27250
0	0	0	5	0	3	0	348968
0	0	0	5	0	4	0	438118
0	0	0	5	0	5	0	159306
0	0	0	6	0	2	0	4881
0	0	0	6	0	3	0	122266
0	0	0	6	0	4	0	270774
0	0	0	6	0	5	0	227638
0	0	0	6	0	6	0	121949
0	0	0	7	0	2	0	3449
0	0	0	7	0	3	0	28868
0	0	0	7	0	4	0	154571
0	0	0	7	0	5	0	162934
0	0	0	7	0	6	0	142648
0	0	0	7	0	7	0	102242
0	0	0	8	0	2	0	34
0	0	0	8	0	3	0	11787
0	0	0	8	0	4	0	66393
0	0	0	8	0	5	0	123371
0	0	0	8	0	6	0	111200
0	0	0	8	0	7	0	122688
0	0	0	8	0	8	0	83790
0	0	0	9	0	3	0	4673
0	0	0	9	0	4	0	25441
0	0	0	9	0	5	0	76764
0	0	0	9	0	6	0	95909
0	0	0	9	0	7	0	71663
0	0	0	9	0	8	0	103562
0	0	0	9	0	9	0	55880
0	0	0	10	0	3	0	3995
0	0	0	10	0	4	0	16340
0	0	0	10	0	5	0	42409
0	0	0	10	0	6	0	65094
0	0	0	10	0	7	0	68149
0	0	0	10	0	8	0	40235
0	0	0	10	0	9	0	82933
0	0	0	10	0	10	0	25399
0	0	0	11	0	3	0	2716
0	0	0	11	0	4	0	15714
0	0	0	11	0	5	0	19331
0	0	0	11	0	6	0	57726
0	0	0	11	0	7	0	67802
0	0	0	11	0	8	0	55265
0	0	0	11	0	9	0	32700
0	0	0	11	0	10	0	48999
0	0	0	11	0	11	0	8080
0	0	0	12	0	3	0	72
0	0	0	12	0	4	0	7574
0	0	0	12	0	5	0	29415
0	0	0	12	0	6	0	33606
0	0	0	12	0	7	0	59659
0	0	0	12	0	8	0	58807
0	0	0	12	0	9	0	23272
0	0	0	12	0	10	0	19684
0	0	0	12	0	11	0	18275
0	0	0	12	0	12	0	2363
0	0	0	13	0	4	0	3000
0	0	0	13	0	5	0	17853
0	0	0	13	0	6	0	19642
0	0	0	13	0	7	0	48811
0	0	0	13	0	8	0	62762
0	0	0	13	0	9	0	51718
0	0	0	13	0	10	0	7957
0	0	0	13	0	11	0	9047
0	0	0	13	0	12	0	5204
0	0	0	13	0	13	0	607
0	0	0	14	0	4	0	3175
0	0	0	14	0	5	0	16948
0	0	0	14	0	6	0	12196
0	0	0	14	0	7	0	33011
0	0	0	14	0	8	0	47651
0	0	0	14	0	9	0	46234
0	0	0	14	0	10	0	27444
0	0	0	14	0	11	0	2091
0	0	0	14	0	12	0	1542
0	0	0	14	0	13	0	500
0	0	0	14	0	14	0	33
0	0	0	15	0	4	0	1439
0	0	0	15	0	5	0	9525
0	0	0	15	0	6	0	35753
0	0	0	15	0	7	0	15879
0	0	0	15	0	8	0	52014
0	0	0	15	0	9	0	40799
0	0	0	15	0	10	0	25849
0	0	0	15	0	11	0	7967
0	0	0	15	0	12	0	320
0	0	0	15	0	13	0	42
0	0	0	15	0	14	0	5
0	0	0	15	0	15	0	1
0	0	0	16	0	4	0	52
0	0	0	16	0	5	0	3809
0	0	0	16	0	6	0	26549
0	0	0	16	0	7	0	13102
0	0	0	16	0	8	0	25542
0	0	0	16	0	9	0	46172
0	0	0	16	0	10	0	22303
0	0	0	16	0	11	0	10636
0	0	0	16	0	12	0	1956
0	0	0	16	0	13	0	32
0	0	0	16	0	14	0	2
0	0	0	17	0	5	0	3041
0	0	0	17	0	6	0	13562
0	0	0	17	0	7	0	23750
0	0	0	17	0	8	0	18873
0	0	0	17	0	9	0	26974
0	0	0	17	0	10	0	24397
0	0	0	17	0	11	0	9491
0	0	0	17	0	12	0	3651
0	0	0	17	0	13	0	439
0	0	0	18	0	5	0	1659
0	0	0	18	0	6	0	5991
0	0	0	18	0	7	0	26841
0	0	0	18	0	8	0	14313
0	0	0	18	0	9	0	20195
0	0	0	18	0	10	0	16914
0	0	0	18	0	11	0	8358
0	0	0	18	0	12	0	2670
0	0	0	18	0	13	0	634
0	0	0	18	0	14	0	50
0	0	0	19	0	5	0	484
0	0	0	19	0	6	0	2729
0	0	0	19	0	7	0	17351
0	0	0	19	0	8	0	12261
0	0	0	19	0	9	0	15745
0	0	0	19	0	10	0	14310
0	0	0	19	0	11	0	7119
0	0	0	19	0	12	0	1383
0	0	0	19	0	13	0	241
0	0	0	19	0	14	0	34
0	0	0	19	0	15	0	1
0	0	0	20	0	5	0	48
0	0	0	20	0	6	0	1376
0	0	0	20	0	7	0	12913
0	0	0	20	0	8	0	16458
0	0	0	20	0	9	0	8719
0	0	0	20	0	10	0	9171
0	0	0	20	0	11	0	6498
0	0	0	20	0	12	0	2263
0	0	0	20	0	13	0	176
0	0	0	20	0	14	0	2
0	0	0	21	0	6	0	697
0	0	0	21	0	7	0	2362
0	0	0	21	0	8	0	10411
0	0	0	21	0	9	0	8686
0	0	0	21	0	10	0	7336
0	0	0	21	0	11	0	4078
0	0	0	21	0	12	0	1730
0	0	0	21	0	13	0	450
0	0	0	21	0	14	0	24
0	0	0	22	0	6	0	596
0	0	0	22	0	7	0	1644
0	0	0	22	0	8	0	6823
0	0	0	22	0	9	0	7064
0	0	0	22	0	10	0	4691
0	0	0	22	0	11	0	3845
0	0	0	22	0	12	0	1443
0	0	0	22	0	13	0	207
0	0	0	22	0	14	0	24
0	0	0	23	0	6	0	130
0	0	0	23	0	7	0	1519
0	0	0	23	0	8	0	4348
0	0	0	23	0	9	0	10043
0	0	0	23	0	10	0	4151
0	0	0	23	0	11	0	2172
0	0	0	23	0	12	0	904
0	0	0	23	0	13	0	393
0	0	0	23	0	14	0	58
0	0	0	23	0	15	0	2
0	0	0	24	0	6	0	11
0	0	0	24	0	7	0	734
0	0	0	24	0	8	0	2596
0	0	0	24	0	9	0	6756
0	0	0	24	0	10	0	4194
0	0	0	24	0	11	0	2275
0	0	0	24	0	12	0	728
0	0	0	24	0	13	0	178
0	0	0	24	0	14	0	38
0	0	0	24	0	15	0	1
0	0	0	25	0	7	0	290
0	0	0	25	0	8	0	1297
0	0	0	25	0	9	0	5396
0	0	0	25	0	10	0	4309
0	0	0	25	0	11	0	1997
0	0	0	25	0	12	0	716
0	0	0	25	0	13	0	187
0	0	0	25	0	14	0	72
0	0	0	25	0	15	0	5
0	0	0	26	0	7	0	266
0	0	0	26	0	8	0	996
0	0	0	26	0	9	0	2179
0	0	0	26	0	10	0	2808
0	0	0	26	0	11	0	1213
0	0	0	26	0	12	0	524
0	0	0	26	0	13	0	201
0	0	0	26	0	14	0	12
0	0	0	27	0	7	0	32
0	0	0	27	0	8	0	954
0	0	0	27	0	9	0	1434
0	0	0	27	0	10	0	2129
0	0	0	27	0	11	0	1035
0	0	0	27	0	12	0	309
0	0	0	27	0	13	0	77
0	0	0	27	0	14	0	46
0	0	0	27	0	15	0	2
0	0	0	28	0	7	0	8
0	0	0	28	0	8	0	363
0	0	0	28	0	9	0	1345
0	0	0	28	0	10	0	1663
0	0	0	28	0	11	0	1410
0	0	0	28	0	12	0	325
0	0	0	28	0	13	0	67
0	0	0	28	0	14	0	6
0	0	0	29	0	8	0	266
0	0	0	29	0	9	0	981
0	0	0	29	0	10	0	1151
0	0	0	29	0	11	0	1164
0	0	0	29	0	12	0	431
0	0	0	29	0	13	0	33
0	0	0	29	0	14	0	4
0	0	0	30	0	8	0	133
0	0	0	30	0	9	0	609
0	0	0	30	0	10	0	683
0	0	0	30	0	11	0	539
0	0	0	30	0	12	0	278
0	0	0	30	0	13	0	36
0	0	0	30	0	14	0	3
0	0	0	31	0	8	0	58
0	0	0	31	0	9	0	580
0	0	0	31	0	10	0	574
0	0	0	31	0	11	0	351
0	0	0	31	0	12	0	255
0	0	0	31	0	13	0	100
0	0	0	31	0	14	0	3
0	0	0	32	0	8	0	4
0	0	0	32	0	9	0	344
0	0	0	32	0	10	0	865
0	0	0	32	0	11	0	308
0	0	0	32	0	12	0	230
0	0	0	32	0	13	0	59
0	0	0	32	0	14	0	12
0	0	0	33	0	9	0	179
0	0	0	33	0	10	0	600
0	0	0	33	0	11	0	388
0	0	0	33	0	12	0	111
0	0	0	33	0	13	0	30
0	0	0	34	0	9	0	125
0	0	0	34	0	10	0	521
0	0	0	34	0	11	0	346
0	0	0	34	0	12	0	101
0	0	0	34	0	13	0	14
0	0	0	34	0	14	0	1
0	0	0	35	0	9	0	57
0	0	0	35	0	10	0	444
0	0	0	35	0	11	0	407
0	0	0	35	0	12	0	119
0	0	0	35	0	13	0	7
0	0	0	36	0	9	0	24
0	0	0	36	0	10	0	496
0	0	0	36	0	11	0	528
0	0	0	36	0	12	0	121
0	0	0	36	0	13	0	2
0	0	0	37	0	10	0	227
0	0	0	37	0	11	0	861
0	0	0	37	0	12	0	189
0	0	0	37	0	13	0	10
0	0	0	38	0	9	0	2
0	0	0	38	0	10	0	99
0	0	0	38	0	11	0	567
0	0	0	38	0	12	0	417
0	0	0	38	0	13	0	24
0	0	0	38	0	14	0	1
0	0	0	39	0	10	0	60
0	0	0	39	0	11	0	376
0	0	0	39	0	12	0	474
0	0	0	39	0	13	0	89
0	0	0	39	0	14	0	1
0	0	0	40	0	10	0	43
0	0	0	40	0	11	0	357
0	0	0	40	0	12	0	407
0	0	0	40	0	13	0	98
0	0	0	40	0	14	0	1
0	0	0	41	0	10	0	18
0	0	0	41	0	11	0	267
0	0	0	41	0	12	0	483
0	0	0	41	0	13	0	157
0	0	0	41	0	14	0	9
0	0	0	42	0	10	0	4
0	0	0	42	0	11	0	170
0	0	0	42	0	12	0	405
0	0	0	42	0	13	0	216
0	0	0	42	0	14	0	13
0	0	0	43	0	11	0	76
0	0	0	43	0	12	0	405
0	0	0	43	0	13	0	172
0	0	0	43	0	14	0	61
0	0	0	44	0	11	0	6
0	0	0	44	0	12	0	165
0	0	0	44	0	13	0	211
0	0	0	44	0	14	0	14
0	0	0	45	0	11	0	1
0	0	0	45	0	12	0	60
0	0	0	45	0	13	0	112
0	0	0	45	0	14	0	35
0	0	0	45	0	15	0	1
0	0	0	46	0	12	0	37
0	0	0	46	0	13	0	111
0	0	0	46	0	14	0	38
0	0	0	47	0	12	0	9
0	0	0	47	0	13	0	57
0	0	0	47	0	14	0	44
0	0	0	48	0	13	0	31
0	0	0	48	0	14	0	17
0	0	0	49	0	13	0	3
0	0	0	49	0	14	0	11
0	0	0	50	0	13	0	9
0	0	0	50	0	14	0	5
0	0	0	51	0	14	0	1
0	0	2	99	0	2	0	2
0	0	2	99	0	3	0	1
0	0	2	99	0	4	0	3
0	0	2	99	0	5	0	2
0	0	2	99	0	8	0	1
0	0	2	99	0	9	0	1
0	0	3	99	0	1	0	1
0	0	3	99	0	2	0	3
0	0	3	99	0	3	0	1
0	0	3	99	0	7	0	1
0	0	3	99	0	8	0	2
0	0	3	99	0	9	0	2
0	0	4	99	0	2	0	6
0	0	4	99	0	3	0	7
0	1	0	0	1	0	0	45116
0	1	0	1	0	1	0	244770
0	1	0	2	0	1	0	190872
0	1	0	2	0	2	0	233762
0	1	0	3	0	1	0	12095
0	1	0	3	0	2	0	389209
0	1	0	3	0	3	0	210011
0	1	0	4	0	1	0	63
0	1	0	4	0	2	0	196055
0	1	0	4	0	3	0	333820
0	1	0	4	0	4	0	116691
0	1	0	5	0	2	0	35772
0	1	0	5	0	3	0	245493
0	1	0	5	0	4	0	207050
0	1	0	5	0	5	0	74146
0	1	0	6	0	2	0	3688
0	1	0	6	0	3	0	151625
0	1	0	6	0	4	0	182938
0	1	0	6	0	5	0	115905
0	1	0	6	0	6	0	60040
0	1	0	7	0	2	0	4854
0	1	0	7	0	3	0	42975
0	1	0	7	0	4	0	146788
0	1	0	7	0	5	0	105121
0	1	0	7	0	6	0	70069
0	1	0	7	0	7	0	55435
0	1	0	8	0	2	0	30
0	1	0	8	0	3	0	8291
0	1	0	8	0	4	0	84433
0	1	0	8	0	5	0	97755
0	1	0	8	0	6	0	67227
0	1	0	8	0	7	0	57881
0	1	0	8	0	8	0	49889
0	1	0	9	0	3	0	4719
0	1	0	9	0	4	0	30294
0	1	0	9	0	5	0	72331
0	1	0	9	0	6	0	68171
0	1	0	9	0	7	0	44025
0	1	0	9	0	8	0	54399
0	1	0	9	0	9	0	27111
0	1	0	10	0	3	0	5404
0	1	0	10	0	4	0	11606
0	1	0	10	0	5	0	52139
0	1	0	10	0	6	0	57821
0	1	0	10	0	7	0	42646
0	1	0	10	0	8	0	25695
0	1	0	10	0	9	0	39800
0	1	0	10	0	10	0	11145
0	1	0	11	0	3	0	4727
0	1	0	11	0	4	0	10895
0	1	0	11	0	5	0	24831
0	1	0	11	0	6	0	56193
0	1	0	11	0	7	0	51873
0	1	0	11	0	8	0	31554
0	1	0	11	0	9	0	14726
0	1	0	11	0	10	0	20170
0	1	0	11	0	11	0	3208
0	1	0	12	0	3	0	27
0	1	0	12	0	4	0	7635
0	1	0	12	0	5	0	11921
0	1	0	12	0	6	0	41883
0	1	0	12	0	7	0	49645
0	1	0	12	0	8	0	39343
0	1	0	12	0	9	0	14603
0	1	0	12	0	10	0	7683
0	1	0	12	0	11	0	7574
0	1	0	12	0	12	0	756
0	1	0	13	0	4	0	3300
0	1	0	13	0	5	0	13621
0	1	0	13	0	6	0	29124
0	1	0	13	0	7	0	51432
0	1	0	13	0	8	0	37398
0	1	0	13	0	9	0	26905
0	1	0	13	0	10	0	4720
0	1	0	13	0	11	0	3142
0	1	0	13	0	12	0	1839
0	1	0	13	0	13	0	120
0	1	0	14	0	4	0	5424
0	1	0	14	0	5	0	10702
0	1	0	14	0	6	0	11682
0	1	0	14	0	7	0	42555
0	1	0	14	0	8	0	44198
0	1	0	14	0	9	0	25104
0	1	0	14	0	10	0	12399
0	1	0	14	0	11	0	1077
0	1	0	14	0	12	0	583
0	1	0	14	0	13	0	197
0	1	0	14	0	14	0	4
0	1	0	15	0	4	0	2694
0	1	0	15	0	5	0	12779
0	1	0	15	0	6	0	9064
0	1	0	15	0	7	0	21363
0	1	0	15	0	8	0	42828
0	1	0	15	0	9	0	26735
0	1	0	15	0	10	0	13246
0	1	0	15	0	11	0	3488
0	1	0	15	0	12	0	349
0	1	0	15	0	13	0	94
0	1	0	15	0	14	0	4
0	1	0	16	0	4	0	15
0	1	0	16	0	5	0	5750
0	1	0	16	0	6	0	22726
0	1	0	16	0	7	0	16931
0	1	0	16	0	8	0	29377
0	1	0	16	0	9	0	35388
0	1	0	16	0	10	0	13592
0	1	0	16	0	11	0	4528
0	1	0	16	0	12	0	737
0	1	0	16	0	13	0	125
0	1	0	16	0	14	0	11
0	1	0	17	0	5	0	4011
0	1	0	17	0	6	0	12832
0	1	0	17	0	7	0	11071
0	1	0	17	0	8	0	24587
0	1	0	17	0	9	0	26301
0	1	0	17	0	10	0	17701
0	1	0	17	0	11	0	5110
0	1	0	17	0	12	0	1326
0	1	0	17	0	13	0	83
0	1	0	17	0	14	0	9
0	1	0	18	0	5	0	4918
0	1	0	18	0	6	0	12820
0	1	0	18	0	7	0	6504
0	1	0	18	0	8	0	18335
0	1	0	18	0	9	0	26161
0	1	0	18	0	10	0	15040
0	1	0	18	0	11	0	5655
0	1	0	18	0	12	0	1286
0	1	0	18	0	13	0	248
0	1	0	18	0	14	0	2
0	1	0	19	0	5	0	1012
0	1	0	19	0	6	0	6977
0	1	0	19	0	7	0	17941
0	1	0	19	0	8	0	9310
0	1	0	19	0	9	0	21492
0	1	0	19	0	10	0	17277
0	1	0	19	0	11	0	5613
0	1	0	19	0	12	0	1279
0	1	0	19	0	13	0	117
0	1	0	19	0	14	0	12
0	1	0	20	0	5	0	9
0	1	0	20	0	6	0	2364
0	1	0	20	0	7	0	16159
0	1	0	20	0	8	0	9717
0	1	0	20	0	9	0	13224
0	1	0	20	0	10	0	15052
0	1	0	20	0	11	0	6575
0	1	0	20	0	12	0	1588
0	1	0	20	0	13	0	252
0	1	0	20	0	14	0	14
0	1	0	21	0	6	0	2039
0	1	0	21	0	7	0	12634
0	1	0	21	0	8	0	7369
0	1	0	21	0	9	0	10691
0	1	0	21	0	10	0	11572
0	1	0	21	0	11	0	7356
0	1	0	21	0	12	0	1734
0	1	0	21	0	13	0	460
0	1	0	21	0	14	0	40
0	1	0	22	0	6	0	2250
0	1	0	22	0	7	0	6468
0	1	0	22	0	8	0	10318
0	1	0	22	0	9	0	7042
0	1	0	22	0	10	0	7335
0	1	0	22	0	11	0	6451
0	1	0	22	0	12	0	2418
0	1	0	22	0	13	0	463
0	1	0	22	0	14	0	70
0	1	0	22	0	15	0	3
0	1	0	23	0	6	0	215
0	1	0	23	0	7	0	2692
0	1	0	23	0	8	0	8006
0	1	0	23	0	9	0	3595
0	1	0	23	0	10	0	4960
0	1	0	23	0	11	0	4300
0	1	0	23	0	12	0	2376
0	1	0	23	0	13	0	537
0	1	0	23	0	14	0	125
0	1	0	23	0	15	0	9
0	1	0	24	0	6	0	9
0	1	0	24	0	7	0	1278
0	1	0	24	0	8	0	5578
0	1	0	24	0	9	0	5980
0	1	0	24	0	10	0	4093
0	1	0	24	0	11	0	3963
0	1	0	24	0	12	0	2473
0	1	0	24	0	13	0	851
0	1	0	24	0	14	0	85
0	1	0	24	0	15	0	4
0	1	0	25	0	7	0	1797
0	1	0	25	0	8	0	3740
0	1	0	25	0	9	0	5224
0	1	0	25	0	10	0	3608
0	1	0	25	0	11	0	3382
0	1	0	25	0	12	0	2161
0	1	0	25	0	13	0	771
0	1	0	25	0	14	0	123
0	1	0	25	0	15	0	18
0	1	0	26	0	7	0	1009
0	1	0	26	0	8	0	2365
0	1	0	26	0	9	0	5076
0	1	0	26	0	10	0	2071
0	1	0	26	0	11	0	2356
0	1	0	26	0	12	0	2075
0	1	0	26	0	13	0	1059
0	1	0	26	0	14	0	162
0	1	0	26	0	15	0	17
0	1	0	27	0	7	0	169
0	1	0	27	0	8	0	1127
0	1	0	27	0	9	0	2878
0	1	0	27	0	10	0	1769
0	1	0	27	0	11	0	1476
0	1	0	27	0	12	0	1498
0	1	0	27	0	13	0	1194
0	1	0	27	0	14	0	328
0	1	0	27	0	15	0	12
0	1	0	28	0	7	0	16
0	1	0	28	0	8	0	1163
0	1	0	28	0	9	0	1964
0	1	0	28	0	10	0	910
0	1	0	28	0	11	0	1071
0	1	0	28	0	12	0	1287
0	1	0	28	0	13	0	1044
0	1	0	28	0	14	0	518
0	1	0	28	0	15	0	41
0	1	0	29	0	8	0	1222
0	1	0	29	0	9	0	1396
0	1	0	29	0	10	0	1346
0	1	0	29	0	11	0	503
0	1	0	29	0	12	0	733
0	1	0	29	0	13	0	729
0	1	0	29	0	14	0	383
0	1	0	29	0	15	0	89
0	1	0	30	0	8	0	456
0	1	0	30	0	9	0	941
0	1	0	30	0	10	0	885
0	1	0	30	0	11	0	460
0	1	0	30	0	12	0	310
0	1	0	30	0	13	0	510
0	1	0	30	0	14	0	267
0	1	0	30	0	15	0	62
0	1	0	31	0	8	0	120
0	1	0	31	0	9	0	656
0	1	0	31	0	10	0	674
0	1	0	31	0	11	0	350
0	1	0	31	0	12	0	252
0	1	0	31	0	13	0	218
0	1	0	31	0	14	0	175
0	1	0	31	0	15	0	37
0	1	0	32	0	8	0	21
0	1	0	32	0	9	0	996
0	1	0	32	0	10	0	672
0	1	0	32	0	11	0	364
0	1	0	32	0	12	0	247
0	1	0	32	0	13	0	130
0	1	0	32	0	14	0	87
0	1	0	32	0	15	0	110
0	1	0	33	0	8	0	7
0	1	0	33	0	9	0	684
0	1	0	33	0	10	0	622
0	1	0	33	0	11	0	320
0	1	0	33	0	12	0	137
0	1	0	33	0	13	0	95
0	1	0	33	0	14	0	25
0	1	0	33	0	15	0	34
0	1	0	34	0	9	0	205
0	1	0	34	0	10	0	588
0	1	0	34	0	11	0	270
0	1	0	34	0	12	0	52
0	1	0	34	0	13	0	49
0	1	0	34	0	14	0	71
0	1	0	34	0	15	0	60
0	1	0	35	0	9	0	139
0	1	0	35	0	10	0	623
0	1	0	35	0	11	0	301
0	1	0	35	0	12	0	34
0	1	0	35	0	13	0	23
0	1	0	35	0	14	0	13
0	1	0	35	0	15	0	30
0	1	0	36	0	9	0	96
0	1	0	36	0	10	0	1111
0	1	0	36	0	11	0	240
0	1	0	36	0	12	0	68
0	1	0	36	0	14	0	41
0	1	0	36	0	15	0	72
0	1	0	37	0	9	0	21
0	1	0	37	0	10	0	727
0	1	0	37	0	11	0	907
0	1	0	37	0	12	0	109
0	1	0	37	0	13	0	1
0	1	0	37	0	14	0	8
0	1	0	37	0	15	0	12
0	1	0	38	0	10	0	224
0	1	0	38	0	11	0	614
0	1	0	38	0	12	0	349
0	1	0	38	0	13	0	26
0	1	0	38	0	15	0	29
0	1	0	39	0	10	0	59
0	1	0	39	0	11	0	650
0	1	0	39	0	12	0	225
0	1	0	39	0	13	0	35
0	1	0	39	0	14	0	1
0	1	0	39	0	15	0	12
0	1	0	40	0	10	0	17
0	1	0	40	0	11	0	733
0	1	0	40	0	12	0	309
0	1	0	40	0	13	0	57
0	1	0	40	0	15	0	9
0	1	0	41	0	10	0	5
0	1	0	41	0	11	0	397
0	1	0	41	0	12	0	384
0	1	0	41	0	13	0	112
0	1	0	41	0	14	0	4
0	1	0	42	0	11	0	176
0	1	0	42	0	12	0	552
0	1	0	42	0	13	0	78
0	1	0	42	0	14	0	8
0	1	0	42	0	15	0	5
0	1	0	43	0	11	0	56
0	1	0	43	0	12	0	474
0	1	0	43	0	13	0	85
0	1	0	43	0	14	0	19
0	1	0	43	0	15	0	5
0	1	0	44	0	11	0	2
0	1	0	44	0	12	0	529
0	1	0	44	0	13	0	155
0	1	0	44	0	14	0	3
0	1	0	45	0	11	0	1
0	1	0	45	0	12	0	224
0	1	0	45	0	13	0	200
0	1	0	45	0	14	0	7
0	1	0	45	0	15	0	2
0	1	0	46	0	12	0	155
0	1	0	46	0	13	0	179
0	1	0	46	0	14	0	8
0	1	0	47	0	12	0	5
0	1	0	47	0	13	0	349
0	1	0	47	0	14	0	24
0	1	0	48	0	13	0	180
0	1	0	48	0	14	0	21
0	1	0	49	0	13	0	161
0	1	0	49	0	14	0	44
0	1	0	50	0	13	0	74
0	1	0	50	0	14	0	133
0	1	0	51	0	14	0	80
0	1	0	51	0	15	0	1
0	1	0	52	0	14	0	110
0	1	0	53	0	14	0	95
0	1	0	53	0	15	0	20
0	1	0	54	0	14	0	5
0	1	0	54	0	15	0	20
0	1	0	55	0	15	0	16
0	1	0	56	0	15	0	39
0	1	0	57	0	15	0	38
0	1	0	58	0	15	0	2
0	1	0	59	0	15	0	3
0	1	1	99	0	1	0	159
0	1	1	99	0	2	0	76
0	1	1	99	0	3	0	16
0	1	1	99	0	10	0	1
0	1	1	99	0	11	0	6
0	1	1	99	0	12	0	2
0	1	2	99	0	1	0	6
0	1	2	99	0	2	0	12
0	1	2	99	0	3	0	6
0	1	2	99	0	4	0	15
0	1	2	99	0	5	0	10
0	1	2	99	0	8	0	5
0	1	2	99	0	9	0	5
0	1	3	99	0	1	0	7
0	1	3	99	0	2	0	16
0	1	3	99	0	3	0	6
0	1	3	99	0	7	0	5
0	1	3	99	0	8	0	12
0	1	3	99	0	9	0	13
0	1	3	99	0	10	0	2
0	1	4	99	0	1	0	1
0	1	4	99	0	2	0	25
0	1	4	99	0	3	0	30
0	1	4	99	0	9	0	2
0	1	4	99	0	10	0	3
0	1	5	99	0	9	0	4
0	1	5	99	0	10	0	2
0	1	6	99	0	9	0	6
0	1	7	99	0	8	0	8
0	2	0	0	1	0	0	43372
0	2	0	1	0	1	0	223053
0	2	0	2	0	1	0	150472
0	2	0	2	0	2	0	286526
0	2	0	3	0	1	0	8491
0	2	0	3	0	2	0	339891
0	2	0	3	0	3	0	222400
0	2	0	4	0	1	0	39
0	2	0	4	0	2	0	139157
0	2	0	4	0	3	0	309493
0	2	0	4	0	4	0	115210
0	2	0	5	0	2	0	17152
0	2	0	5	0	3	0	173957
0	2	0	5	0	4	0	190273
0	2	0	5	0	5	0	76167
0	2	0	6	0	2	0	4755
0	2	0	6	0	3	0	90368
0	2	0	6	0	4	0	138235
0	2	0	6	0	5	0	113060
0	2	0	6	0	6	0	68389
0	2	0	7	0	2	0	3397
0	2	0	7	0	3	0	24379
0	2	0	7	0	4	0	104938
0	2	0	7	0	5	0	91392
0	2	0	7	0	6	0	70361
0	2	0	7	0	7	0	57952
0	2	0	8	0	2	0	30
0	2	0	8	0	3	0	6104
0	2	0	8	0	4	0	57363
0	2	0	8	0	5	0	85336
0	2	0	8	0	6	0	64350
0	2	0	8	0	7	0	54917
0	2	0	8	0	8	0	37597
0	2	0	9	0	3	0	4437
0	2	0	9	0	4	0	18999
0	2	0	9	0	5	0	59931
0	2	0	9	0	6	0	59444
0	2	0	9	0	7	0	38015
0	2	0	9	0	8	0	40640
0	2	0	9	0	9	0	18704
0	2	0	10	0	3	0	3327
0	2	0	10	0	4	0	10589
0	2	0	10	0	5	0	38746
0	2	0	10	0	6	0	46920
0	2	0	10	0	7	0	37055
0	2	0	10	0	8	0	16730
0	2	0	10	0	9	0	25262
0	2	0	10	0	10	0	7311
0	2	0	11	0	3	0	2501
0	2	0	11	0	4	0	7681
0	2	0	11	0	5	0	15044
0	2	0	11	0	6	0	41613
0	2	0	11	0	7	0	38245
0	2	0	11	0	8	0	23266
0	2	0	11	0	9	0	8181
0	2	0	11	0	10	0	10378
0	2	0	11	0	11	0	1664
0	2	0	12	0	3	0	16
0	2	0	12	0	4	0	6589
0	2	0	12	0	5	0	7353
0	2	0	12	0	6	0	26216
0	2	0	12	0	7	0	35771
0	2	0	12	0	8	0	27434
0	2	0	12	0	9	0	7994
0	2	0	12	0	10	0	3153
0	2	0	12	0	11	0	3124
0	2	0	12	0	12	0	324
0	2	0	13	0	4	0	2837
0	2	0	13	0	5	0	10365
0	2	0	13	0	6	0	13773
0	2	0	13	0	7	0	31353
0	2	0	13	0	8	0	27709
0	2	0	13	0	9	0	17068
0	2	0	13	0	10	0	2360
0	2	0	13	0	11	0	1106
0	2	0	13	0	12	0	691
0	2	0	13	0	13	0	51
0	2	0	14	0	4	0	3310
0	2	0	14	0	5	0	8661
0	2	0	14	0	6	0	5559
0	2	0	14	0	7	0	24435
0	2	0	14	0	8	0	27675
0	2	0	14	0	9	0	14990
0	2	0	14	0	10	0	6400
0	2	0	14	0	11	0	496
0	2	0	14	0	12	0	76
0	2	0	14	0	13	0	66
0	2	0	14	0	14	0	3
0	2	0	15	0	4	0	1390
0	2	0	15	0	5	0	8075
0	2	0	15	0	6	0	6402
0	2	0	15	0	7	0	10823
0	2	0	15	0	8	0	28392
0	2	0	15	0	9	0	15851
0	2	0	15	0	10	0	6450
0	2	0	15	0	11	0	1626
0	2	0	15	0	12	0	115
0	2	0	15	0	13	0	8
0	2	0	16	0	4	0	15
0	2	0	16	0	5	0	3385
0	2	0	16	0	6	0	13083
0	2	0	16	0	7	0	7941
0	2	0	16	0	8	0	16962
0	2	0	16	0	9	0	19904
0	2	0	16	0	10	0	6842
0	2	0	16	0	11	0	2198
0	2	0	16	0	12	0	274
0	2	0	16	0	13	0	15
0	2	0	17	0	5	0	2103
0	2	0	17	0	6	0	7613
0	2	0	17	0	7	0	7024
0	2	0	17	0	8	0	12936
0	2	0	17	0	9	0	13604
0	2	0	17	0	10	0	8346
0	2	0	17	0	11	0	2272
0	2	0	17	0	12	0	641
0	2	0	17	0	13	0	52
0	2	0	18	0	5	0	2256
0	2	0	18	0	6	0	7382
0	2	0	18	0	7	0	4345
0	2	0	18	0	8	0	9590
0	2	0	18	0	9	0	11814
0	2	0	18	0	10	0	7211
0	2	0	18	0	11	0	2198
0	2	0	18	0	12	0	375
0	2	0	18	0	13	0	112
0	2	0	18	0	14	0	10
0	2	0	19	0	5	0	428
0	2	0	19	0	6	0	3968
0	2	0	19	0	7	0	9147
0	2	0	19	0	8	0	5279
0	2	0	19	0	9	0	8977
0	2	0	19	0	10	0	6704
0	2	0	19	0	11	0	2436
0	2	0	19	0	12	0	489
0	2	0	19	0	13	0	15
0	2	0	20	0	5	0	1
0	2	0	20	0	6	0	1438
0	2	0	20	0	7	0	7018
0	2	0	20	0	8	0	6193
0	2	0	20	0	9	0	5489
0	2	0	20	0	10	0	5634
0	2	0	20	0	11	0	2611
0	2	0	20	0	12	0	684
0	2	0	20	0	13	0	75
0	2	0	21	0	6	0	1373
0	2	0	21	0	7	0	4607
0	2	0	21	0	8	0	4791
0	2	0	21	0	9	0	4439
0	2	0	21	0	10	0	3590
0	2	0	21	0	11	0	2640
0	2	0	21	0	12	0	654
0	2	0	21	0	13	0	172
0	2	0	21	0	14	0	9
0	2	0	22	0	6	0	1094
0	2	0	22	0	7	0	2519
0	2	0	22	0	8	0	3620
0	2	0	22	0	9	0	2565
0	2	0	22	0	10	0	2272
0	2	0	22	0	11	0	1837
0	2	0	22	0	12	0	1060
0	2	0	22	0	13	0	168
0	2	0	22	0	14	0	23
0	2	0	22	0	15	0	1
0	2	0	23	0	6	0	102
0	2	0	23	0	7	0	1332
0	2	0	23	0	8	0	3274
0	2	0	23	0	9	0	2578
0	2	0	23	0	10	0	1809
0	2	0	23	0	11	0	1408
0	2	0	23	0	12	0	845
0	2	0	23	0	13	0	233
0	2	0	23	0	14	0	11
0	2	0	23	0	15	0	2
0	2	0	24	0	6	0	6
0	2	0	24	0	7	0	689
0	2	0	24	0	8	0	1525
0	2	0	24	0	9	0	2396
0	2	0	24	0	10	0	1960
0	2	0	24	0	11	0	1243
0	2	0	24	0	12	0	624
0	2	0	24	0	13	0	246
0	2	0	24	0	14	0	27
0	2	0	24	0	15	0	1
0	2	0	25	0	7	0	1041
0	2	0	25	0	8	0	907
0	2	0	25	0	9	0	1257
0	2	0	25	0	10	0	1385
0	2	0	25	0	11	0	986
0	2	0	25	0	12	0	765
0	2	0	25	0	13	0	230
0	2	0	25	0	14	0	22
0	2	0	26	0	7	0	363
0	2	0	26	0	8	0	589
0	2	0	26	0	9	0	815
0	2	0	26	0	10	0	901
0	2	0	26	0	11	0	656
0	2	0	26	0	12	0	543
0	2	0	26	0	13	0	356
0	2	0	26	0	14	0	55
0	2	0	27	0	7	0	107
0	2	0	27	0	8	0	397
0	2	0	27	0	9	0	398
0	2	0	27	0	10	0	669
0	2	0	27	0	11	0	686
0	2	0	27	0	12	0	370
0	2	0	27	0	13	0	289
0	2	0	27	0	14	0	130
0	2	0	27	0	15	0	3
0	2	0	28	0	7	0	14
0	2	0	28	0	8	0	678
0	2	0	28	0	9	0	419
0	2	0	28	0	10	0	282
0	2	0	28	0	11	0	548
0	2	0	28	0	12	0	243
0	2	0	28	0	13	0	160
0	2	0	28	0	14	0	41
0	2	0	28	0	15	0	7
0	2	0	29	0	8	0	616
0	2	0	29	0	9	0	467
0	2	0	29	0	10	0	332
0	2	0	29	0	11	0	201
0	2	0	29	0	12	0	214
0	2	0	29	0	13	0	95
0	2	0	29	0	14	0	57
0	2	0	29	0	15	0	10
0	2	0	30	0	8	0	227
0	2	0	30	0	9	0	363
0	2	0	30	0	10	0	272
0	2	0	30	0	11	0	152
0	2	0	30	0	12	0	95
0	2	0	30	0	13	0	63
0	2	0	30	0	14	0	71
0	2	0	30	0	15	0	6
0	2	0	31	0	8	0	122
0	2	0	31	0	9	0	543
0	2	0	31	0	10	0	289
0	2	0	31	0	11	0	123
0	2	0	31	0	12	0	102
0	2	0	31	0	13	0	30
0	2	0	31	0	14	0	16
0	2	0	31	0	15	0	4
0	2	0	32	0	8	0	36
0	2	0	32	0	9	0	637
0	2	0	32	0	10	0	385
0	2	0	32	0	11	0	132
0	2	0	32	0	12	0	98
0	2	0	32	0	13	0	40
0	2	0	32	0	14	0	16
0	2	0	32	0	15	0	12
0	2	0	33	0	8	0	4
0	2	0	33	0	9	0	284
0	2	0	33	0	10	0	248
0	2	0	33	0	11	0	203
0	2	0	33	0	12	0	66
0	2	0	33	0	13	0	33
0	2	0	33	0	14	0	11
0	2	0	33	0	15	0	2
0	2	0	34	0	9	0	218
0	2	0	34	0	10	0	220
0	2	0	34	0	11	0	110
0	2	0	34	0	12	0	50
0	2	0	34	0	13	0	23
0	2	0	34	0	14	0	29
0	2	0	34	0	15	0	2
0	2	0	35	0	9	0	288
0	2	0	35	0	10	0	402
0	2	0	35	0	11	0	82
0	2	0	35	0	12	0	19
0	2	0	35	0	13	0	8
0	2	0	35	0	14	0	20
0	2	0	35	0	15	0	15
0	2	0	36	0	9	0	147
0	2	0	36	0	10	0	587
0	2	0	36	0	11	0	169
0	2	0	36	0	12	0	12
0	2	0	36	0	14	0	17
0	2	0	36	0	15	0	5
0	2	0	37	0	9	0	8
0	2	0	37	0	10	0	342
0	2	0	37	0	11	0	498
0	2	0	37	0	12	0	67
0	2	0	37	0	13	0	2
0	2	0	37	0	14	0	5
0	2	0	37	0	15	0	33
0	2	0	38	0	9	0	1
0	2	0	38	0	10	0	290
0	2	0	38	0	11	0	278
0	2	0	38	0	12	0	148
0	2	0	38	0	13	0	4
0	2	0	38	0	15	0	1
0	2	0	39	0	10	0	102
0	2	0	39	0	11	0	297
0	2	0	39	0	12	0	127
0	2	0	39	0	13	0	19
0	2	0	39	0	15	0	6
0	2	0	40	0	10	0	60
0	2	0	40	0	11	0	295
0	2	0	40	0	12	0	115
0	2	0	40	0	13	0	8
0	2	0	41	0	10	0	8
0	2	0	41	0	11	0	246
0	2	0	41	0	12	0	173
0	2	0	41	0	13	0	29
0	2	0	42	0	10	0	3
0	2	0	42	0	11	0	331
0	2	0	42	0	12	0	181
0	2	0	42	0	13	0	34
0	2	0	42	0	14	0	1
0	2	0	43	0	11	0	61
0	2	0	43	0	12	0	216
0	2	0	43	0	13	0	32
0	2	0	43	0	14	0	1
0	2	0	44	0	11	0	5
0	2	0	44	0	12	0	137
0	2	0	44	0	13	0	29
0	2	0	44	0	14	0	1
0	2	0	45	0	11	0	1
0	2	0	45	0	12	0	153
0	2	0	45	0	13	0	79
0	2	0	45	0	14	0	1
0	2	0	46	0	12	0	196
0	2	0	46	0	13	0	95
0	2	0	46	0	14	0	4
0	2	0	47	0	12	0	1
0	2	0	47	0	13	0	115
0	2	0	47	0	14	0	11
0	2	0	48	0	13	0	53
0	2	0	49	0	13	0	136
0	2	0	49	0	14	0	29
0	2	0	50	0	13	0	37
0	2	0	50	0	14	0	43
0	2	0	51	0	14	0	18
0	2	0	52	0	14	0	43
0	2	0	53	0	14	0	55
0	2	0	53	0	15	0	2
0	2	0	54	0	15	0	2
0	2	0	55	0	15	0	2
0	2	0	56	0	15	0	22
0	2	0	57	0	15	0	10
0	2	1	99	0	1	0	34
0	2	1	99	0	2	0	9
0	2	1	99	0	9	0	1
0	2	1	99	0	10	0	8
0	2	1	99	0	11	0	10
0	2	2	99	0	9	0	4
0	2	2	99	0	10	0	14
0	2	2	99	0	11	0	4
0	2	3	99	0	1	0	1
0	2	3	99	0	2	0	1
0	2	3	99	0	3	0	1
0	2	3	99	0	9	0	7
0	2	3	99	0	10	0	11
0	2	3	99	0	11	0	3
0	2	4	99	0	2	0	5
0	2	4	99	0	3	0	5
0	2	4	99	0	9	0	5
0	2	4	99	0	10	0	6
0	2	5	99	0	9	0	2
0	2	5	99	0	10	0	2
1	0	0	0	1	0	0	156433
1	0	0	1	0	1	0	778737
1	0	0	2	0	1	0	781398
1	0	0	2	0	2	0	1041813
1	0	0	3	0	1	0	85000
1	0	0	3	0	2	0	1654369
1	0	0	3	0	3	0	886580
1	0	0	4	0	1	0	522
1	0	0	4	0	2	0	657779
1	0	0	4	0	3	0	1568843
1	0	0	4	0	4	0	481277
1	0	0	5	0	2	0	123080
1	0	0	5	0	3	0	851194
1	0	0	5	0	4	0	879145
1	0	0	5	0	5	0	291336
1	0	0	6	0	2	0	25018
1	0	0	6	0	3	0	308241
1	0	0	6	0	4	0	550172
1	0	0	6	0	5	0	425082
1	0	0	6	0	6	0	217445
1	0	0	7	0	2	0	6626
1	0	0	7	0	3	0	98364
1	0	0	7	0	4	0	315406
1	0	0	7	0	5	0	298109
1	0	0	7	0	6	0	258165
1	0	0	7	0	7	0	160627
1	0	0	8	0	2	0	353
1	0	0	8	0	3	0	30072
1	0	0	8	0	4	0	158975
1	0	0	8	0	5	0	227455
1	0	0	8	0	6	0	185160
1	0	0	8	0	7	0	196201
1	0	0	8	0	8	0	111770
1	0	0	9	0	3	0	13317
1	0	0	9	0	4	0	70431
1	0	0	9	0	5	0	152285
1	0	0	9	0	6	0	168612
1	0	0	9	0	7	0	106695
1	0	0	9	0	8	0	142424
1	0	0	9	0	9	0	80152
1	0	0	10	0	3	0	5649
1	0	0	10	0	4	0	39904
1	0	0	10	0	5	0	101398
1	0	0	10	0	6	0	111557
1	0	0	10	0	7	0	105472
1	0	0	10	0	8	0	49954
1	0	0	10	0	9	0	133792
1	0	0	10	0	10	0	58900
1	0	0	11	0	3	0	4760
1	0	0	11	0	4	0	24377
1	0	0	11	0	5	0	48349
1	0	0	11	0	6	0	106850
1	0	0	11	0	7	0	106179
1	0	0	11	0	8	0	59512
1	0	0	11	0	9	0	39389
1	0	0	11	0	10	0	155095
1	0	0	11	0	11	0	43329
1	0	0	12	0	3	0	215
1	0	0	12	0	4	0	12282
1	0	0	12	0	5	0	46516
1	0	0	12	0	6	0	67560
1	0	0	12	0	7	0	84438
1	0	0	12	0	8	0	84802
1	0	0	12	0	9	0	19436
1	0	0	12	0	10	0	60398
1	0	0	12	0	11	0	169515
1	0	0	12	0	12	0	27382
1	0	0	13	0	4	0	4565
1	0	0	13	0	5	0	25561
1	0	0	13	0	6	0	40652
1	0	0	13	0	7	0	74147
1	0	0	13	0	8	0	73480
1	0	0	13	0	9	0	63643
1	0	0	13	0	10	0	8095
1	0	0	13	0	11	0	94997
1	0	0	13	0	12	0	133785
1	0	0	13	0	13	0	12238
1	0	0	14	0	4	0	4018
1	0	0	14	0	5	0	23359
1	0	0	14	0	6	0	20632
1	0	0	14	0	7	0	54093
1	0	0	14	0	8	0	54947
1	0	0	14	0	9	0	70818
1	0	0	14	0	10	0	35103
1	0	0	14	0	11	0	9280
1	0	0	14	0	12	0	79922
1	0	0	14	0	13	0	63039
1	0	0	14	0	14	0	3327
1	0	0	15	0	4	0	2207
1	0	0	15	0	5	0	10295
1	0	0	15	0	6	0	50779
1	0	0	15	0	7	0	23051
1	0	0	15	0	8	0	61430
1	0	0	15	0	9	0	49791
1	0	0	15	0	10	0	74267
1	0	0	15	0	11	0	16051
1	0	0	15	0	12	0	7371
1	0	0	15	0	13	0	33598
1	0	0	15	0	14	0	15743
1	0	0	15	0	15	0	367
1	0	0	16	0	4	0	169
1	0	0	16	0	5	0	5474
1	0	0	16	0	6	0	33990
1	0	0	16	0	7	0	25873
1	0	0	16	0	8	0	32784
1	0	0	16	0	9	0	44684
1	0	0	16	0	10	0	69191
1	0	0	16	0	11	0	63726
1	0	0	16	0	12	0	6386
1	0	0	16	0	13	0	2547
1	0	0	16	0	14	0	5757
1	0	0	16	0	15	0	1313
1	0	0	17	0	5	0	3887
1	0	0	17	0	6	0	18241
1	0	0	17	0	7	0	33183
1	0	0	17	0	8	0	23802
1	0	0	17	0	9	0	43143
1	0	0	17	0	10	0	33116
1	0	0	17	0	11	0	77638
1	0	0	17	0	12	0	35318
1	0	0	17	0	13	0	1974
1	0	0	17	0	14	0	425
1	0	0	17	0	15	0	266
1	0	0	18	0	5	0	2074
1	0	0	18	0	6	0	5995
1	0	0	18	0	7	0	35201
1	0	0	18	0	8	0	20585
1	0	0	18	0	9	0	31100
1	0	0	18	0	10	0	43396
1	0	0	18	0	11	0	40401
1	0	0	18	0	12	0	55528
1	0	0	18	0	13	0	12068
1	0	0	18	0	14	0	398
1	0	0	18	0	15	0	23
1	0	0	19	0	5	0	931
1	0	0	19	0	6	0	3800
1	0	0	19	0	7	0	19609
1	0	0	19	0	8	0	20437
1	0	0	19	0	9	0	24410
1	0	0	19	0	10	0	41385
1	0	0	19	0	11	0	33507
1	0	0	19	0	12	0	37601
1	0	0	19	0	13	0	21303
1	0	0	19	0	14	0	2054
1	0	0	19	0	15	0	58
1	0	0	20	0	5	0	122
1	0	0	20	0	6	0	3384
1	0	0	20	0	7	0	18059
1	0	0	20	0	8	0	22121
1	0	0	20	0	9	0	19340
1	0	0	20	0	10	0	30698
1	0	0	20	0	11	0	40097
1	0	0	20	0	12	0	19030
1	0	0	20	0	13	0	19080
1	0	0	20	0	14	0	4332
1	0	0	20	0	15	0	133
1	0	0	21	0	6	0	1181
1	0	0	21	0	7	0	4056
1	0	0	21	0	8	0	18527
1	0	0	21	0	9	0	16912
1	0	0	21	0	10	0	27612
1	0	0	21	0	11	0	38167
1	0	0	21	0	12	0	27260
1	0	0	21	0	13	0	8547
1	0	0	21	0	14	0	3849
1	0	0	21	0	15	0	267
1	0	0	22	0	6	0	951
1	0	0	22	0	7	0	2318
1	0	0	22	0	8	0	11451
1	0	0	22	0	9	0	14198
1	0	0	22	0	10	0	24951
1	0	0	22	0	11	0	33012
1	0	0	22	0	12	0	28060
1	0	0	22	0	13	0	9767
1	0	0	22	0	14	0	2117
1	0	0	22	0	15	0	409
1	0	0	23	0	6	0	347
1	0	0	23	0	7	0	2563
1	0	0	23	0	8	0	6112
1	0	0	23	0	9	0	13606
1	0	0	23	0	10	0	16674
1	0	0	23	0	11	0	24935
1	0	0	23	0	12	0	25398
1	0	0	23	0	13	0	9709
1	0	0	23	0	14	0	1747
1	0	0	23	0	15	0	271
1	0	0	24	0	6	0	56
1	0	0	24	0	7	0	1456
1	0	0	24	0	8	0	3449
1	0	0	24	0	9	0	7060
1	0	0	24	0	10	0	13402
1	0	0	24	0	11	0	19206
1	0	0	24	0	12	0	13043
1	0	0	24	0	13	0	10457
1	0	0	24	0	14	0	1389
1	0	0	24	0	15	0	107
1	0	0	25	0	7	0	648
1	0	0	25	0	8	0	1738
1	0	0	25	0	9	0	7235
1	0	0	25	0	10	0	10885
1	0	0	25	0	11	0	16075
1	0	0	25	0	12	0	17749
1	0	0	25	0	13	0	6778
1	0	0	25	0	14	0	3399
1	0	0	25	0	15	0	180
1	0	0	26	0	7	0	355
1	0	0	26	0	8	0	1755
1	0	0	26	0	9	0	2912
1	0	0	26	0	10	0	6688
1	0	0	26	0	11	0	13029
1	0	0	26	0	12	0	13695
1	0	0	26	0	13	0	9844
1	0	0	26	0	14	0	2140
1	0	0	26	0	15	0	299
1	0	0	27	0	7	0	149
1	0	0	27	0	8	0	1963
1	0	0	27	0	9	0	2016
1	0	0	27	0	10	0	3089
1	0	0	27	0	11	0	6777
1	0	0	27	0	12	0	9439
1	0	0	27	0	13	0	6228
1	0	0	27	0	14	0	2151
1	0	0	27	0	15	0	233
1	0	0	28	0	7	0	26
1	0	0	28	0	8	0	663
1	0	0	28	0	9	0	1560
1	0	0	28	0	10	0	2474
1	0	0	28	0	11	0	3305
1	0	0	28	0	12	0	5417
1	0	0	28	0	13	0	3864
1	0	0	28	0	14	0	1179
1	0	0	28	0	15	0	205
1	0	0	29	0	8	0	506
1	0	0	29	0	9	0	1127
1	0	0	29	0	10	0	1670
1	0	0	29	0	11	0	3973
1	0	0	29	0	12	0	3220
1	0	0	29	0	13	0	2765
1	0	0	29	0	14	0	1091
1	0	0	29	0	15	0	110
1	0	0	30	0	8	0	229
1	0	0	30	0	9	0	688
1	0	0	30	0	10	0	949
1	0	0	30	0	11	0	2328
1	0	0	30	0	12	0	4008
1	0	0	30	0	13	0	1548
1	0	0	30	0	14	0	535
1	0	0	30	0	15	0	50
1	0	0	31	0	8	0	138
1	0	0	31	0	9	0	936
1	0	0	31	0	10	0	653
1	0	0	31	0	11	0	1441
1	0	0	31	0	12	0	2197
1	0	0	31	0	13	0	2170
1	0	0	31	0	14	0	325
1	0	0	31	0	15	0	49
1	0	0	32	0	8	0	26
1	0	0	32	0	9	0	518
1	0	0	32	0	10	0	1108
1	0	0	32	0	11	0	1092
1	0	0	32	0	12	0	2309
1	0	0	32	0	13	0	1658
1	0	0	32	0	14	0	552
1	0	0	32	0	15	0	28
1	0	0	33	0	9	0	334
1	0	0	33	0	10	0	934
1	0	0	33	0	11	0	807
1	0	0	33	0	12	0	1698
1	0	0	33	0	13	0	2067
1	0	0	33	0	14	0	972
1	0	0	33	0	15	0	124
1	0	0	34	0	9	0	184
1	0	0	34	0	10	0	956
1	0	0	34	0	11	0	782
1	0	0	34	0	12	0	1266
1	0	0	34	0	13	0	1241
1	0	0	34	0	14	0	905
1	0	0	34	0	15	0	248
1	0	0	35	0	9	0	54
1	0	0	35	0	10	0	853
1	0	0	35	0	11	0	935
1	0	0	35	0	12	0	760
1	0	0	35	0	13	0	1709
1	0	0	35	0	14	0	747
1	0	0	35	0	15	0	91
1	0	0	36	0	9	0	4
1	0	0	36	0	10	0	346
1	0	0	36	0	11	0	1239
1	0	0	36	0	12	0	788
1	0	0	36	0	13	0	556
1	0	0	36	0	14	0	774
1	0	0	36	0	15	0	256
1	0	0	37	0	10	0	206
1	0	0	37	0	11	0	945
1	0	0	37	0	12	0	919
1	0	0	37	0	13	0	560
1	0	0	37	0	14	0	173
1	0	0	37	0	15	0	67
1	0	0	38	0	10	0	104
1	0	0	38	0	11	0	946
1	0	0	38	0	12	0	1202
1	0	0	38	0	13	0	549
1	0	0	38	0	14	0	181
1	0	0	38	0	15	0	15
1	0	0	39	0	10	0	106
1	0	0	39	0	11	0	896
1	0	0	39	0	12	0	1314
1	0	0	39	0	13	0	712
1	0	0	39	0	14	0	202
1	0	0	39	0	15	0	5
1	0	0	40	0	10	0	5
1	0	0	40	0	11	0	652
1	0	0	40	0	12	0	1820
1	0	0	40	0	13	0	765
1	0	0	40	0	14	0	204
1	0	0	40	0	15	0	19
1	0	0	41	0	10	0	1
1	0	0	41	0	11	0	343
1	0	0	41	0	12	0	1716
1	0	0	41	0	13	0	1632
1	0	0	41	0	14	0	226
1	0	0	41	0	15	0	17
1	0	0	42	0	11	0	255
1	0	0	42	0	12	0	1342
1	0	0	42	0	13	0	1560
1	0	0	42	0	14	0	541
1	0	0	42	0	15	0	40
1	0	0	43	0	11	0	72
1	0	0	43	0	12	0	1265
1	0	0	43	0	13	0	1909
1	0	0	43	0	14	0	559
1	0	0	43	0	15	0	17
1	0	0	44	0	11	0	63
1	0	0	44	0	12	0	748
1	0	0	44	0	13	0	1896
1	0	0	44	0	14	0	1116
1	0	0	44	0	15	0	91
1	0	0	45	0	11	0	23
1	0	0	45	0	12	0	670
1	0	0	45	0	13	0	1629
1	0	0	45	0	14	0	1239
1	0	0	45	0	15	0	156
1	0	0	46	0	12	0	277
1	0	0	46	0	13	0	1865
1	0	0	46	0	14	0	1152
1	0	0	46	0	15	0	243
1	0	0	47	0	12	0	64
1	0	0	47	0	13	0	859
1	0	0	47	0	14	0	1388
1	0	0	47	0	15	0	275
1	0	0	48	0	12	0	37
1	0	0	48	0	13	0	709
1	0	0	48	0	14	0	1105
1	0	0	48	0	15	0	379
1	0	0	49	0	12	0	8
1	0	0	49	0	13	0	369
1	0	0	49	0	14	0	1243
1	0	0	49	0	15	0	415
1	0	0	50	0	13	0	87
1	0	0	50	0	14	0	736
1	0	0	50	0	15	0	382
1	0	0	51	0	13	0	20
1	0	0	51	0	14	0	352
1	0	0	51	0	15	0	426
1	0	0	52	0	13	0	3
1	0	0	52	0	14	0	129
1	0	0	52	0	15	0	261
1	0	0	53	0	14	0	70
1	0	0	53	0	15	0	128
1	0	0	54	0	15	0	93
1	0	0	55	0	15	0	43
1	0	2	99	0	2	0	5
1	0	2	99	0	3	0	9
1	0	2	99	0	4	0	4
1	0	2	99	0	5	0	2
1	0	2	99	0	6	0	1
1	0	2	99	0	8	0	2
1	0	2	99	0	9	0	1
1	0	2	99	0	12	0	1
1	0	2	99	0	13	0	1
1	0	3	99	0	2	0	2
1	0	3	99	0	3	0	3
1	0	3	99	0	5	0	1
1	0	3	99	0	7	0	1
1	0	3	99	0	8	0	2
1	0	3	99	0	9	0	1
1	1	0	0	1	0	0	265393
1	1	0	1	0	1	0	1105384
1	1	0	2	0	1	0	1131308
1	1	0	2	0	2	0	815818
1	1	0	3	0	1	0	103520
1	1	0	3	0	2	0	1471157
1	1	0	3	0	3	0	618690
1	1	0	4	0	1	0	1386
1	1	0	4	0	2	0	823615
1	1	0	4	0	3	0	1180850
1	1	0	4	0	4	0	354188
1	1	0	5	0	2	0	195721
1	1	0	5	0	3	0	825070
1	1	0	5	0	4	0	644967
1	1	0	5	0	5	0	212122
1	1	0	6	0	2	0	23092
1	1	0	6	0	3	0	528755
1	1	0	6	0	4	0	508450
1	1	0	6	0	5	0	306061
1	1	0	6	0	6	0	152002
1	1	0	7	0	2	0	24018
1	1	0	7	0	3	0	159542
1	1	0	7	0	4	0	415819
1	1	0	7	0	5	0	272650
1	1	0	7	0	6	0	172156
1	1	0	7	0	7	0	118169
1	1	0	8	0	2	0	705
1	1	0	8	0	3	0	28383
1	1	0	8	0	4	0	277036
1	1	0	8	0	5	0	261938
1	1	0	8	0	6	0	167700
1	1	0	8	0	7	0	125857
1	1	0	8	0	8	0	95883
1	1	0	9	0	3	0	13951
1	1	0	9	0	4	0	116904
1	1	0	9	0	5	0	201251
1	1	0	9	0	6	0	179123
1	1	0	9	0	7	0	98705
1	1	0	9	0	8	0	104208
1	1	0	9	0	9	0	86008
1	1	0	10	0	3	0	13022
1	1	0	10	0	4	0	44031
1	1	0	10	0	5	0	175120
1	1	0	10	0	6	0	143766
1	1	0	10	0	7	0	98907
1	1	0	10	0	8	0	46563
1	1	0	10	0	9	0	129156
1	1	0	10	0	10	0	78748
1	1	0	11	0	3	0	22499
1	1	0	11	0	4	0	20937
1	1	0	11	0	5	0	87114
1	1	0	11	0	6	0	143809
1	1	0	11	0	7	0	114184
1	1	0	11	0	8	0	57135
1	1	0	11	0	9	0	32588
1	1	0	11	0	10	0	168671
1	1	0	11	0	11	0	56978
1	1	0	12	0	3	0	147
1	1	0	12	0	4	0	17875
1	1	0	12	0	5	0	38672
1	1	0	12	0	6	0	120573
1	1	0	12	0	7	0	109911
1	1	0	12	0	8	0	89417
1	1	0	12	0	9	0	21241
1	1	0	12	0	10	0	48201
1	1	0	12	0	11	0	173991
1	1	0	12	0	12	0	35183
1	1	0	13	0	4	0	7803
1	1	0	13	0	5	0	22413
1	1	0	13	0	6	0	76965
1	1	0	13	0	7	0	105166
1	1	0	13	0	8	0	84537
1	1	0	13	0	9	0	75475
1	1	0	13	0	10	0	9126
1	1	0	13	0	11	0	81007
1	1	0	13	0	12	0	138798
1	1	0	13	0	13	0	17001
1	1	0	14	0	4	0	18692
1	1	0	14	0	5	0	18005
1	1	0	14	0	6	0	25392
1	1	0	14	0	7	0	96971
1	1	0	14	0	8	0	74041
1	1	0	14	0	9	0	93055
1	1	0	14	0	10	0	48186
1	1	0	14	0	11	0	7380
1	1	0	14	0	12	0	73722
1	1	0	14	0	13	0	71315
1	1	0	14	0	14	0	6053
1	1	0	15	0	4	0	10828
1	1	0	15	0	5	0	19433
1	1	0	15	0	6	0	19461
1	1	0	15	0	7	0	44165
1	1	0	15	0	8	0	88220
1	1	0	15	0	9	0	60571
1	1	0	15	0	10	0	99767
1	1	0	15	0	11	0	22789
1	1	0	15	0	12	0	7211
1	1	0	15	0	13	0	33340
1	1	0	15	0	14	0	17453
1	1	0	15	0	15	0	1022
1	1	0	16	0	4	0	85
1	1	0	16	0	5	0	10469
1	1	0	16	0	6	0	30549
1	1	0	16	0	7	0	35154
1	1	0	16	0	8	0	63572
1	1	0	16	0	9	0	72177
1	1	0	16	0	10	0	88818
1	1	0	16	0	11	0	77721
1	1	0	16	0	12	0	10533
1	1	0	16	0	13	0	9617
1	1	0	16	0	14	0	7841
1	1	0	16	0	15	0	1714
1	1	0	17	0	5	0	8568
1	1	0	17	0	6	0	19434
1	1	0	17	0	7	0	20430
1	1	0	17	0	8	0	48497
1	1	0	17	0	9	0	78712
1	1	0	17	0	10	0	51777
1	1	0	17	0	11	0	119513
1	1	0	17	0	12	0	48051
1	1	0	17	0	13	0	5942
1	1	0	17	0	14	0	5925
1	1	0	17	0	15	0	966
1	1	0	18	0	5	0	17860
1	1	0	18	0	6	0	19345
1	1	0	18	0	7	0	13531
1	1	0	18	0	8	0	39979
1	1	0	18	0	9	0	70740
1	1	0	18	0	10	0	80055
1	1	0	18	0	11	0	63836
1	1	0	18	0	12	0	93846
1	1	0	18	0	13	0	23115
1	1	0	18	0	14	0	4645
1	1	0	18	0	15	0	1544
1	1	0	19	0	5	0	3588
1	1	0	19	0	6	0	11646
1	1	0	19	0	7	0	25323
1	1	0	19	0	8	0	25365
1	1	0	19	0	9	0	57853
1	1	0	19	0	10	0	95608
1	1	0	19	0	11	0	62022
1	1	0	19	0	12	0	65572
1	1	0	19	0	13	0	35817
1	1	0	19	0	14	0	8928
1	1	0	19	0	15	0	4736
1	1	0	20	0	5	0	33
1	1	0	20	0	6	0	5363
1	1	0	20	0	7	0	19448
1	1	0	20	0	8	0	18099
1	1	0	20	0	9	0	48432
1	1	0	20	0	10	0	77229
1	1	0	20	0	11	0	103852
1	1	0	20	0	12	0	37413
1	1	0	20	0	13	0	34898
1	1	0	20	0	14	0	11737
1	1	0	20	0	15	0	1611
1	1	0	21	0	6	0	8647
1	1	0	21	0	7	0	17455
1	1	0	21	0	8	0	8317
1	1	0	21	0	9	0	33331
1	1	0	21	0	10	0	73436
1	1	0	21	0	11	0	87148
1	1	0	21	0	12	0	67891
1	1	0	21	0	13	0	26123
1	1	0	21	0	14	0	8520
1	1	0	21	0	15	0	5586
1	1	0	22	0	6	0	9814
1	1	0	22	0	7	0	9334
1	1	0	22	0	8	0	18829
1	1	0	22	0	9	0	19001
1	1	0	22	0	10	0	55749
1	1	0	22	0	11	0	81860
1	1	0	22	0	12	0	66166
1	1	0	22	0	13	0	26155
1	1	0	22	0	14	0	11369
1	1	0	22	0	15	0	3189
1	1	0	23	0	6	0	678
1	1	0	23	0	7	0	4747
1	1	0	23	0	8	0	12663
1	1	0	23	0	9	0	15742
1	1	0	23	0	10	0	36646
1	1	0	23	0	11	0	57690
1	1	0	23	0	12	0	59000
1	1	0	23	0	13	0	30418
1	1	0	23	0	14	0	9349
1	1	0	23	0	15	0	2584
1	1	0	24	0	6	0	21
1	1	0	24	0	7	0	3369
1	1	0	24	0	8	0	9898
1	1	0	24	0	9	0	9750
1	1	0	24	0	10	0	29325
1	1	0	24	0	11	0	44844
1	1	0	24	0	12	0	37990
1	1	0	24	0	13	0	26604
1	1	0	24	0	14	0	7723
1	1	0	24	0	15	0	4668
1	1	0	25	0	7	0	7988
1	1	0	25	0	8	0	6369
1	1	0	25	0	9	0	8678
1	1	0	25	0	10	0	14827
1	1	0	25	0	11	0	34866
1	1	0	25	0	12	0	35599
1	1	0	25	0	13	0	17592
1	1	0	25	0	14	0	13690
1	1	0	25	0	15	0	1063
1	1	0	26	0	7	0	3362
1	1	0	26	0	8	0	4015
1	1	0	26	0	9	0	6512
1	1	0	26	0	10	0	10073
1	1	0	26	0	11	0	22304
1	1	0	26	0	12	0	31372
1	1	0	26	0	13	0	23781
1	1	0	26	0	14	0	6966
1	1	0	26	0	15	0	2345
1	1	0	27	0	7	0	363
1	1	0	27	0	8	0	2621
1	1	0	27	0	9	0	4020
1	1	0	27	0	10	0	3758
1	1	0	27	0	11	0	14189
1	1	0	27	0	12	0	16448
1	1	0	27	0	13	0	13226
1	1	0	27	0	14	0	6082
1	1	0	27	0	15	0	7204
1	1	0	28	0	7	0	19
1	1	0	28	0	8	0	3506
1	1	0	28	0	9	0	3070
1	1	0	28	0	10	0	2874
1	1	0	28	0	11	0	3251
1	1	0	28	0	12	0	11721
1	1	0	28	0	13	0	9899
1	1	0	28	0	14	0	7128
1	1	0	28	0	15	0	1985
1	1	0	29	0	8	0	4759
1	1	0	29	0	9	0	2143
1	1	0	29	0	10	0	2207
1	1	0	29	0	11	0	3766
1	1	0	29	0	12	0	4180
1	1	0	29	0	13	0	5288
1	1	0	29	0	14	0	2562
1	1	0	29	0	15	0	1469
1	1	0	30	0	8	0	1440
1	1	0	30	0	9	0	1635
1	1	0	30	0	10	0	1236
1	1	0	30	0	11	0	1427
1	1	0	30	0	12	0	4092
1	1	0	30	0	13	0	3359
1	1	0	30	0	14	0	2737
1	1	0	30	0	15	0	3099
1	1	0	31	0	8	0	410
1	1	0	31	0	9	0	1901
1	1	0	31	0	10	0	949
1	1	0	31	0	11	0	631
1	1	0	31	0	12	0	1219
1	1	0	31	0	13	0	2314
1	1	0	31	0	14	0	1669
1	1	0	31	0	15	0	335
1	1	0	32	0	8	0	56
1	1	0	32	0	9	0	2218
1	1	0	32	0	10	0	1245
1	1	0	32	0	11	0	523
1	1	0	32	0	12	0	829
1	1	0	32	0	13	0	1010
1	1	0	32	0	14	0	850
1	1	0	32	0	15	0	1421
1	1	0	33	0	9	0	1983
1	1	0	33	0	10	0	868
1	1	0	33	0	11	0	825
1	1	0	33	0	12	0	1011
1	1	0	33	0	13	0	458
1	1	0	33	0	14	0	431
1	1	0	33	0	15	0	335
1	1	0	34	0	9	0	691
1	1	0	34	0	10	0	1653
1	1	0	34	0	11	0	1098
1	1	0	34	0	12	0	1395
1	1	0	34	0	13	0	1212
1	1	0	34	0	14	0	433
1	1	0	34	0	15	0	374
1	1	0	35	0	9	0	215
1	1	0	35	0	10	0	1886
1	1	0	35	0	11	0	1685
1	1	0	35	0	12	0	1651
1	1	0	35	0	13	0	1297
1	1	0	35	0	14	0	961
1	1	0	35	0	15	0	449
1	1	0	36	0	9	0	50
1	1	0	36	0	10	0	1963
1	1	0	36	0	11	0	1700
1	1	0	36	0	12	0	1716
1	1	0	36	0	13	0	1894
1	1	0	36	0	14	0	442
1	1	0	36	0	15	0	308
1	1	0	37	0	10	0	1724
1	1	0	37	0	11	0	2658
1	1	0	37	0	12	0	1682
1	1	0	37	0	13	0	1558
1	1	0	37	0	14	0	1244
1	1	0	37	0	15	0	176
1	1	0	38	0	10	0	771
1	1	0	38	0	11	0	3107
1	1	0	38	0	12	0	2105
1	1	0	38	0	13	0	1499
1	1	0	38	0	14	0	734
1	1	0	38	0	15	0	387
1	1	0	39	0	10	0	288
1	1	0	39	0	11	0	3665
1	1	0	39	0	12	0	3659
1	1	0	39	0	13	0	980
1	1	0	39	0	14	0	808
1	1	0	39	0	15	0	101
1	1	0	40	0	10	0	145
1	1	0	40	0	11	0	3199
1	1	0	40	0	12	0	5143
1	1	0	40	0	13	0	1918
1	1	0	40	0	14	0	481
1	1	0	40	0	15	0	193
1	1	0	41	0	11	0	2030
1	1	0	41	0	12	0	4033
1	1	0	41	0	13	0	3115
1	1	0	41	0	14	0	560
1	1	0	41	0	15	0	47
1	1	0	42	0	11	0	661
1	1	0	42	0	12	0	4324
1	1	0	42	0	13	0	3679
1	1	0	42	0	14	0	725
1	1	0	42	0	15	0	103
1	1	0	43	0	11	0	191
1	1	0	43	0	12	0	4556
1	1	0	43	0	13	0	3660
1	1	0	43	0	14	0	1329
1	1	0	43	0	15	0	87
1	1	0	44	0	11	0	25
1	1	0	44	0	12	0	3331
1	1	0	44	0	13	0	4584
1	1	0	44	0	14	0	1409
1	1	0	44	0	15	0	129
1	1	0	45	0	11	0	6
1	1	0	45	0	12	0	1410
1	1	0	45	0	13	0	4704
1	1	0	45	0	14	0	2207
1	1	0	45	0	15	0	162
1	1	0	46	0	12	0	266
1	1	0	46	0	13	0	3688
1	1	0	46	0	14	0	2424
1	1	0	46	0	15	0	508
1	1	0	47	0	12	0	31
1	1	0	47	0	13	0	3116
1	1	0	47	0	14	0	2473
1	1	0	47	0	15	0	409
1	1	0	48	0	12	0	8
1	1	0	48	0	13	0	2286
1	1	0	48	0	14	0	2377
1	1	0	48	0	15	0	523
1	1	0	49	0	13	0	814
1	1	0	49	0	14	0	3171
1	1	0	49	0	15	0	975
1	1	0	50	0	13	0	20
1	1	0	50	0	14	0	2362
1	1	0	50	0	15	0	647
1	1	0	51	0	13	0	2
1	1	0	51	0	14	0	1771
1	1	0	51	0	15	0	1990
1	1	0	52	0	14	0	1123
1	1	0	52	0	15	0	1313
1	1	0	53	0	14	0	154
1	1	0	53	0	15	0	1707
1	1	0	54	0	15	0	1267
1	1	0	55	0	15	0	1120
1	1	0	56	0	15	0	408
1	1	1	99	0	0	0	2809
1	1	1	99	0	1	0	6524
1	1	1	99	0	2	0	6263
1	1	1	99	0	3	0	4083
1	1	1	99	0	4	0	2375
1	1	1	99	0	5	0	1460
1	1	1	99	0	6	0	653
1	1	1	99	0	7	0	255
1	1	1	99	0	8	0	88
1	1	1	99	0	9	0	9
1	1	1	99	0	11	0	4
1	1	1	99	0	12	0	25
1	1	1	99	0	13	0	36
1	1	1	99	0	14	0	34
1	1	2	99	0	0	0	718
1	1	2	99	0	1	0	2905
1	1	2	99	0	2	0	2730
1	1	2	99	0	3	0	2039
1	1	2	99	0	4	0	1092
1	1	2	99	0	5	0	798
1	1	2	99	0	6	0	366
1	1	2	99	0	7	0	123
1	1	2	99	0	8	0	46
1	1	2	99	0	9	0	5
1	1	2	99	0	10	0	1
1	1	2	99	0	11	0	17
1	1	2	99	0	12	0	57
1	1	2	99	0	13	0	81
1	1	3	99	0	0	0	400
1	1	3	99	0	1	0	1367
1	1	3	99	0	2	0	1351
1	1	3	99	0	3	0	1081
1	1	3	99	0	4	0	682
1	1	3	99	0	5	0	541
1	1	3	99	0	6	0	288
1	1	3	99	0	7	0	126
1	1	3	99	0	8	0	62
1	1	3	99	0	9	0	6
1	1	3	99	0	10	0	14
1	1	3	99	0	11	0	72
1	1	3	99	0	12	0	97
1	1	4	99	0	0	0	158
1	1	4	99	0	1	0	579
1	1	4	99	0	2	0	692
1	1	4	99	0	3	0	546
1	1	4	99	0	4	0	316
1	1	4	99	0	5	0	359
1	1	4	99	0	6	0	241
1	1	4	99	0	7	0	123
1	1	4	99	0	8	0	70
1	1	4	99	0	9	0	8
1	1	4	99	0	10	0	26
1	1	4	99	0	11	0	67
1	1	5	99	0	0	0	47
1	1	5	99	0	1	0	165
1	1	5	99	0	2	0	188
1	1	5	99	0	3	0	301
1	1	5	99	0	4	0	253
1	1	5	99	0	5	0	288
1	1	5	99	0	6	0	243
1	1	5	99	0	7	0	115
1	1	5	99	0	8	0	52
1	1	5	99	0	9	0	6
1	1	5	99	0	10	0	23
1	1	6	99	0	0	0	10
1	1	6	99	0	1	0	25
1	1	6	99	0	2	0	14
1	1	6	99	0	3	0	34
1	1	6	99	0	4	0	48
1	1	6	99	0	5	0	62
1	1	6	99	0	6	0	111
1	1	6	99	0	7	0	80
1	1	6	99	0	8	0	67
1	2	0	0	1	0	0	291253
1	2	0	1	0	1	0	838686
1	2	0	2	0	1	0	768100
1	2	0	2	0	2	0	683060
1	2	0	3	0	1	0	54984
1	2	0	3	0	2	0	1028758
1	2	0	3	0	3	0	440778
1	2	0	4	0	1	0	629
1	2	0	4	0	2	0	515193
1	2	0	4	0	3	0	744004
1	2	0	4	0	4	0	236480
1	2	0	5	0	2	0	111355
1	2	0	5	0	3	0	447940
1	2	0	5	0	4	0	383178
1	2	0	5	0	5	0	143138
1	2	0	6	0	2	0	16818
1	2	0	6	0	3	0	333426
1	2	0	6	0	4	0	296274
1	2	0	6	0	5	0	198735
1	2	0	6	0	6	0	100607
1	2	0	7	0	2	0	15012
1	2	0	7	0	3	0	89836
1	2	0	7	0	4	0	251713
1	2	0	7	0	5	0	166390
1	2	0	7	0	6	0	114411
1	2	0	7	0	7	0	63639
1	2	0	8	0	2	0	359
1	2	0	8	0	3	0	20780
1	2	0	8	0	4	0	180461
1	2	0	8	0	5	0	165956
1	2	0	8	0	6	0	96915
1	2	0	8	0	7	0	69583
1	2	0	8	0	8	0	47608
1	2	0	9	0	3	0	10161
1	2	0	9	0	4	0	75375
1	2	0	9	0	5	0	126043
1	2	0	9	0	6	0	103696
1	2	0	9	0	7	0	47999
1	2	0	9	0	8	0	51831
1	2	0	9	0	9	0	49111
1	2	0	10	0	3	0	10205
1	2	0	10	0	4	0	32963
1	2	0	10	0	5	0	117155
1	2	0	10	0	6	0	85678
1	2	0	10	0	7	0	48756
1	2	0	10	0	8	0	18195
1	2	0	10	0	9	0	69252
1	2	0	10	0	10	0	51218
1	2	0	11	0	3	0	11913
1	2	0	11	0	4	0	13834
1	2	0	11	0	5	0	53544
1	2	0	11	0	6	0	80821
1	2	0	11	0	7	0	58639
1	2	0	11	0	8	0	22264
1	2	0	11	0	9	0	12932
1	2	0	11	0	10	0	102206
1	2	0	11	0	11	0	45606
1	2	0	12	0	3	0	173
1	2	0	12	0	4	0	11140
1	2	0	12	0	5	0	23020
1	2	0	12	0	6	0	68985
1	2	0	12	0	7	0	52830
1	2	0	12	0	8	0	45383
1	2	0	12	0	9	0	7824
1	2	0	12	0	10	0	27253
1	2	0	12	0	11	0	110845
1	2	0	12	0	12	0	31554
1	2	0	13	0	4	0	6921
1	2	0	13	0	5	0	13307
1	2	0	13	0	6	0	36223
1	2	0	13	0	7	0	49228
1	2	0	13	0	8	0	41621
1	2	0	13	0	9	0	39920
1	2	0	13	0	10	0	3286
1	2	0	13	0	11	0	45741
1	2	0	13	0	12	0	75816
1	2	0	13	0	13	0	14116
1	2	0	14	0	4	0	13046
1	2	0	14	0	5	0	11967
1	2	0	14	0	6	0	11170
1	2	0	14	0	7	0	49710
1	2	0	14	0	8	0	32507
1	2	0	14	0	9	0	56621
1	2	0	14	0	10	0	27667
1	2	0	14	0	11	0	4401
1	2	0	14	0	12	0	35982
1	2	0	14	0	13	0	30082
1	2	0	14	0	14	0	4379
1	2	0	15	0	4	0	5284
1	2	0	15	0	5	0	12222
1	2	0	15	0	6	0	11438
1	2	0	15	0	7	0	19282
1	2	0	15	0	8	0	46269
1	2	0	15	0	9	0	37322
1	2	0	15	0	10	0	71145
1	2	0	15	0	11	0	14809
1	2	0	15	0	12	0	11180
1	2	0	15	0	13	0	15734
1	2	0	15	0	14	0	6635
1	2	0	15	0	15	0	660
1	2	0	16	0	4	0	79
1	2	0	16	0	5	0	6646
1	2	0	16	0	6	0	17084
1	2	0	16	0	7	0	16570
1	2	0	16	0	8	0	36468
1	2	0	16	0	9	0	34786
1	2	0	16	0	10	0	60980
1	2	0	16	0	11	0	60695
1	2	0	16	0	12	0	10737
1	2	0	16	0	13	0	11966
1	2	0	16	0	14	0	3949
1	2	0	16	0	15	0	969
1	2	0	17	0	5	0	7684
1	2	0	17	0	6	0	10330
1	2	0	17	0	7	0	12321
1	2	0	17	0	8	0	25422
1	2	0	17	0	9	0	53296
1	2	0	17	0	10	0	33840
1	2	0	17	0	11	0	69722
1	2	0	17	0	12	0	32838
1	2	0	17	0	13	0	8671
1	2	0	17	0	14	0	5800
1	2	0	17	0	15	0	479
1	2	0	18	0	5	0	10172
1	2	0	18	0	6	0	9215
1	2	0	18	0	7	0	8818
1	2	0	18	0	8	0	23420
1	2	0	18	0	9	0	47663
1	2	0	18	0	10	0	52214
1	2	0	18	0	11	0	37519
1	2	0	18	0	12	0	42286
1	2	0	18	0	13	0	17080
1	2	0	18	0	14	0	7036
1	2	0	18	0	15	0	1021
1	2	0	19	0	5	0	1464
1	2	0	19	0	6	0	5683
1	2	0	19	0	7	0	11746
1	2	0	19	0	8	0	15131
1	2	0	19	0	9	0	34992
1	2	0	19	0	10	0	64489
1	2	0	19	0	11	0	40387
1	2	0	19	0	12	0	34392
1	2	0	19	0	13	0	15425
1	2	0	19	0	14	0	8669
1	2	0	19	0	15	0	3731
1	2	0	20	0	5	0	31
1	2	0	20	0	6	0	4470
1	2	0	20	0	7	0	7169
1	2	0	20	0	8	0	13038
1	2	0	20	0	9	0	32689
1	2	0	20	0	10	0	49113
1	2	0	20	0	11	0	55800
1	2	0	20	0	12	0	24064
1	2	0	20	0	13	0	15478
1	2	0	20	0	14	0	6716
1	2	0	20	0	15	0	2055
1	2	0	21	0	6	0	6235
1	2	0	21	0	7	0	6984
1	2	0	21	0	8	0	5533
1	2	0	21	0	9	0	25456
1	2	0	21	0	10	0	46446
1	2	0	21	0	11	0	48791
1	2	0	21	0	12	0	36988
1	2	0	21	0	13	0	15535
1	2	0	21	0	14	0	4665
1	2	0	21	0	15	0	2227
1	2	0	22	0	6	0	4192
1	2	0	22	0	7	0	3750
1	2	0	22	0	8	0	10127
1	2	0	22	0	9	0	13406
1	2	0	22	0	10	0	34794
1	2	0	22	0	11	0	47706
1	2	0	22	0	12	0	29465
1	2	0	22	0	13	0	13013
1	2	0	22	0	14	0	6069
1	2	0	22	0	15	0	2267
1	2	0	23	0	6	0	334
1	2	0	23	0	7	0	2990
1	2	0	23	0	8	0	3889
1	2	0	23	0	9	0	18612
1	2	0	23	0	10	0	23847
1	2	0	23	0	11	0	28353
1	2	0	23	0	12	0	28374
1	2	0	23	0	13	0	16515
1	2	0	23	0	14	0	4641
1	2	0	23	0	15	0	1535
1	2	0	24	0	6	0	13
1	2	0	24	0	7	0	2553
1	2	0	24	0	8	0	2667
1	2	0	24	0	9	0	4831
1	2	0	24	0	10	0	26575
1	2	0	24	0	11	0	27542
1	2	0	24	0	12	0	20679
1	2	0	24	0	13	0	15121
1	2	0	24	0	14	0	5323
1	2	0	24	0	15	0	2208
1	2	0	25	0	7	0	3642
1	2	0	25	0	8	0	1694
1	2	0	25	0	9	0	3777
1	2	0	25	0	10	0	11113
1	2	0	25	0	11	0	24542
1	2	0	25	0	12	0	22086
1	2	0	25	0	13	0	9543
1	2	0	25	0	14	0	7174
1	2	0	25	0	15	0	534
1	2	0	26	0	7	0	1050
1	2	0	26	0	8	0	1310
1	2	0	26	0	9	0	1818
1	2	0	26	0	10	0	7059
1	2	0	26	0	11	0	13892
1	2	0	26	0	12	0	16385
1	2	0	26	0	13	0	11613
1	2	0	26	0	14	0	5523
1	2	0	26	0	15	0	1202
1	2	0	27	0	7	0	184
1	2	0	27	0	8	0	1327
1	2	0	27	0	9	0	979
1	2	0	27	0	10	0	1927
1	2	0	27	0	11	0	7429
1	2	0	27	0	12	0	8494
1	2	0	27	0	13	0	6402
1	2	0	27	0	14	0	3390
1	2	0	27	0	15	0	2092
1	2	0	28	0	7	0	5
1	2	0	28	0	8	0	1514
1	2	0	28	0	9	0	620
1	2	0	28	0	10	0	3002
1	2	0	28	0	11	0	2418
1	2	0	28	0	12	0	5546
1	2	0	28	0	13	0	5825
1	2	0	28	0	14	0	3204
1	2	0	28	0	15	0	1449
1	2	0	29	0	8	0	1568
1	2	0	29	0	9	0	487
1	2	0	29	0	10	0	524
1	2	0	29	0	11	0	4117
1	2	0	29	0	12	0	3505
1	2	0	29	0	13	0	2740
1	2	0	29	0	14	0	1647
1	2	0	29	0	15	0	957
1	2	0	30	0	8	0	469
1	2	0	30	0	9	0	1010
1	2	0	30	0	10	0	337
1	2	0	30	0	11	0	678
1	2	0	30	0	12	0	2424
1	2	0	30	0	13	0	2562
1	2	0	30	0	14	0	2306
1	2	0	30	0	15	0	684
1	2	0	31	0	8	0	111
1	2	0	31	0	9	0	1246
1	2	0	31	0	10	0	573
1	2	0	31	0	11	0	538
1	2	0	31	0	12	0	609
1	2	0	31	0	13	0	1176
1	2	0	31	0	14	0	1156
1	2	0	31	0	15	0	386
1	2	0	32	0	8	0	8
1	2	0	32	0	9	0	1647
1	2	0	32	0	10	0	780
1	2	0	32	0	11	0	558
1	2	0	32	0	12	0	380
1	2	0	32	0	13	0	441
1	2	0	32	0	14	0	829
1	2	0	32	0	15	0	1043
1	2	0	33	0	9	0	1607
1	2	0	33	0	10	0	1990
1	2	0	33	0	11	0	854
1	2	0	33	0	12	0	603
1	2	0	33	0	13	0	277
1	2	0	33	0	14	0	462
1	2	0	33	0	15	0	332
1	2	0	34	0	9	0	714
1	2	0	34	0	10	0	3454
1	2	0	34	0	11	0	1638
1	2	0	34	0	12	0	881
1	2	0	34	0	13	0	466
1	2	0	34	0	14	0	397
1	2	0	34	0	15	0	196
1	2	0	35	0	9	0	114
1	2	0	35	0	10	0	2841
1	2	0	35	0	11	0	2929
1	2	0	35	0	12	0	1255
1	2	0	35	0	13	0	490
1	2	0	35	0	14	0	299
1	2	0	35	0	15	0	448
1	2	0	36	0	9	0	49
1	2	0	36	0	10	0	2612
1	2	0	36	0	11	0	3854
1	2	0	36	0	12	0	1726
1	2	0	36	0	13	0	747
1	2	0	36	0	14	0	123
1	2	0	36	0	15	0	96
1	2	0	37	0	10	0	2827
1	2	0	37	0	11	0	3390
1	2	0	37	0	12	0	2713
1	2	0	37	0	13	0	960
1	2	0	37	0	14	0	338
1	2	0	37	0	15	0	85
1	2	0	38	0	10	0	981
1	2	0	38	0	11	0	6589
1	2	0	38	0	12	0	2775
1	2	0	38	0	13	0	941
1	2	0	38	0	14	0	181
1	2	0	38	0	15	0	43
1	2	0	39	0	10	0	507
1	2	0	39	0	11	0	6135
1	2	0	39	0	12	0	4851
1	2	0	39	0	13	0	1655
1	2	0	39	0	14	0	248
1	2	0	39	0	15	0	20
1	2	0	40	0	10	0	94
1	2	0	40	0	11	0	4265
1	2	0	40	0	12	0	8178
1	2	0	40	0	13	0	2145
1	2	0	40	0	14	0	659
1	2	0	40	0	15	0	73
1	2	0	41	0	10	0	1
1	2	0	41	0	11	0	2523
1	2	0	41	0	12	0	5142
1	2	0	41	0	13	0	3804
1	2	0	41	0	14	0	450
1	2	0	41	0	15	0	71
1	2	0	42	0	11	0	784
1	2	0	42	0	12	0	6384
1	2	0	42	0	13	0	5020
1	2	0	42	0	14	0	1014
1	2	0	42	0	15	0	33
1	2	0	43	0	11	0	155
1	2	0	43	0	12	0	7139
1	2	0	43	0	13	0	3870
1	2	0	43	0	14	0	1967
1	2	0	43	0	15	0	187
1	2	0	44	0	11	0	61
1	2	0	44	0	12	0	4582
1	2	0	44	0	13	0	7234
1	2	0	44	0	14	0	1510
1	2	0	44	0	15	0	450
1	2	0	45	0	11	0	11
1	2	0	45	0	12	0	1815
1	2	0	45	0	13	0	7551
1	2	0	45	0	14	0	3177
1	2	0	45	0	15	0	125
1	2	0	46	0	12	0	226
1	2	0	46	0	13	0	4970
1	2	0	46	0	14	0	3640
1	2	0	46	0	15	0	859
1	2	0	47	0	12	0	32
1	2	0	47	0	13	0	5196
1	2	0	47	0	14	0	4721
1	2	0	47	0	15	0	853
1	2	0	48	0	12	0	24
1	2	0	48	0	13	0	2773
1	2	0	48	0	14	0	3609
1	2	0	48	0	15	0	886
1	2	0	49	0	12	0	8
1	2	0	49	0	13	0	651
1	2	0	49	0	14	0	5709
1	2	0	49	0	15	0	2047
1	2	0	50	0	13	0	45
1	2	0	50	0	14	0	3775
1	2	0	50	0	15	0	1349
1	2	0	51	0	13	0	3
1	2	0	51	0	14	0	2104
1	2	0	51	0	15	0	2860
1	2	0	52	0	13	0	3
1	2	0	52	0	14	0	933
1	2	0	52	0	15	0	1780
1	2	0	53	0	14	0	29
1	2	0	53	0	15	0	1996
1	2	0	54	0	15	0	1140
1	2	0	55	0	15	0	655
1	2	0	56	0	15	0	133
1	2	1	99	0	0	0	10090
1	2	1	99	0	1	0	4675
1	2	1	99	0	2	0	4655
1	2	1	99	0	3	0	2746
1	2	1	99	0	4	0	1673
1	2	1	99	0	5	0	978
1	2	1	99	0	6	0	325
1	2	1	99	0	7	0	109
1	2	1	99	0	8	0	32
1	2	1	99	0	9	0	10
1	2	1	99	0	10	0	62
1	2	1	99	0	11	0	392
1	2	1	99	0	12	0	849
1	2	1	99	0	13	0	807
1	2	1	99	0	14	0	267
1	2	2	99	0	0	0	1866
1	2	2	99	0	1	0	2114
1	2	2	99	0	2	0	2212
1	2	2	99	0	3	0	1442
1	2	2	99	0	4	0	727
1	2	2	99	0	5	0	512
1	2	2	99	0	6	0	265
1	2	2	99	0	7	0	89
1	2	2	99	0	8	0	30
1	2	2	99	0	9	0	4
1	2	2	99	0	10	0	103
1	2	2	99	0	11	0	482
1	2	2	99	0	12	0	754
1	2	2	99	0	13	0	375
1	2	3	99	0	0	0	612
1	2	3	99	0	1	0	963
1	2	3	99	0	2	0	820
1	2	3	99	0	3	0	785
1	2	3	99	0	4	0	537
1	2	3	99	0	5	0	375
1	2	3	99	0	6	0	127
1	2	3	99	0	7	0	73
1	2	3	99	0	8	0	35
1	2	3	99	0	9	0	4
1	2	3	99	0	10	0	123
1	2	3	99	0	11	0	409
1	2	3	99	0	12	0	339
1	2	4	99	0	0	0	159
1	2	4	99	0	1	0	371
1	2	4	99	0	2	0	289
1	2	4	99	0	3	0	325
1	2	4	99	0	4	0	182
1	2	4	99	0	5	0	230
1	2	4	99	0	6	0	89
1	2	4	99	0	7	0	56
1	2	4	99	0	8	0	35
1	2	4	99	0	9	0	21
1	2	4	99	0	10	0	105
1	2	4	99	0	11	0	175
1	2	5	99	0	0	0	140
1	2	5	99	0	1	0	50
1	2	5	99	0	2	0	61
1	2	5	99	0	3	0	159
1	2	5	99	0	4	0	79
1	2	5	99	0	5	0	171
1	2	5	99	0	6	0	115
1	2	5	99	0	7	0	61
1	2	5	99	0	8	0	28
1	2	5	99	0	9	0	7
1	2	5	99	0	10	0	43
1	2	6	99	0	0	0	5
1	2	6	99	0	1	0	2
1	2	6	99	0	3	0	2
1	2	6	99	0	4	0	1
1	2	6	99	0	5	0	2
1	2	6	99	0	6	0	14
1	2	6	99	0	7	0	9
1	2	6	99	0	8	0	5
